              Australian Bureau of Statistics,,,,,,,,,,,,,,,,,,,,,,,,,,,,,,,,,,,,,,,,,,,,,,,,,,,,,,,,,,,,,,,,,,,,,,,,,,,,,,,,,,,,,,,,,,,,,,,,
"33010DO001 Births, Australia 2019",,,,,,,,,,,,,,,,,,,,,,,,,,,,,,,,,,,,,,,,,,,,,,,,,,,,,,,,,,,,,,,,,,,,,,,,,,,,,,,,,,,,,,,,,,,,,,,,
Released at 11.30am (Canberra time) Wed 9 Dec 2020,,,,,,,,,,,,,,,,,,,,,,,,,,,,,,,,,,,,,,,,,,,,,,,,,,,,,,,,,,,,,,,,,,,,,,,,,,,,,,,,,,,,,,,,,,,,,,,,
"Table 1.1 Births, Summary, Statistical Areas Level 4–2012 to 2019 (year of registration)",,,,,,,,,,,,,,,,,,,,,,,,,,,,,,,,,,,,,,,,,,,,,,,,,,,,,,,,,,,,,,,,,,,,,,,,,,,,,,,,,,,,,,,,,,,,,,,,
,,2012,,,,,,,,,,,,2013,,,,,,,,,,,,2014,,,,,,,,,,,,2015,,,,,,,,,,,,2016,,,,,,,,,,,,2017,,,,,,,,,,,,2018,,,,,,,,,,,,2019,,,,,,,,,,
,,,,Age-specific fertility rates,,,,,,,,,,,,Age-specific fertility rates,,,,,,,,,,,,Age-specific fertility rates,,,,,,,,,,,,Age-specific fertility rates,,,,,,,,,,,,Age-specific fertility rates,,,,,,,,,,,,Age-specific fertility rates,,,,,,,,,,,,Age-specific fertility rates,,,,,,,,,,,,Age-specific fertility rates,,,,,,,,
Place of Usual Residence,,Estimated resident population,Births,15–19 years,20-24 years,25-29 years,30-34 years,35-39 years,40-44 years,45-49 years,Total fertility rate,Median age of mother,,Estimated resident population,Births,15–19 years,20-24 years,25-29 years,30-34 years,35-39 years,40-44 years,45-49 years,Total fertility rate,Median age of mother,,Estimated resident population,Births,15–19 years,20-24 years,25-29 years,30-34 years,35-39 years,40-44 years,45-49 years,Total fertility rate,Median age of mother,,Estimated resident population,Births,15–19 years,20-24 years,25-29 years,30-34 years,35-39 years,40-44 years,45-49 years,Total fertility rate,Median age of mother,,Estimated resident population,Births,15–19 years,20-24 years,25-29 years,30-34 years,35-39 years,40-44 years,45-49 years,Total fertility rate,Median age of mother,,Estimated resident population(a),Births,15–19 years,20-24 years,25-29 years,30-34 years,35-39 years,40-44 years,45-49 years,Total fertility rate,Median age of mother,,Estimated resident population(a),Births,15–19 years,20-24 years,25-29 years,30-34 years,35-39 years,40-44 years,45-49 years,Total fertility rate,Median age of mother,,Estimated resident population(a),Births,15–19 years,20-24 years,25-29 years,30-34 years,35-39 years,40-44 years,45-49 years,Total fertility rate,Median age of mother
2016 ASGS code,"2016 GCCSA, SA4",persons,no.,rate,rate,rate,rate,rate,rate,rate,rate,years,,persons,no.,rate,rate,rate,rate,rate,rate,rate,rate,years,,persons,no.,rate,rate,rate,rate,rate,rate,rate,rate,years,,persons,no.,rate,rate,rate,rate,rate,rate,rate,rate,years,,persons,no.,rate,rate,rate,rate,rate,rate,rate,rate,years,,persons,no.,rate,rate,rate,rate,rate,rate,rate,rate,years,,persons,no.,rate,rate,rate,rate,rate,rate,rate,rate,years,,persons,no.,rate,rate,rate,rate,rate,rate,rate,rate,years
1,NEW SOUTH WALES,,,,,,,,,,,,,,,,,,,,,,,,,,,,,,,,,,,,,,,,,,,,,,,,,,,,,,,,,,,,,,,,,,,,,,,,,,,,,,,,,,,,,,,,,,,,,,,
102,Central Coast,"325,163","3,740",17.0,69.4,127.9,126.8,62.2,12.2,0.6,2.08,29.9,,"327,745","3,956",16.3,66.8,126.5,130.9,61.6,12.5,0.7,2.08,30.1,,"330,377","3,385",14.9,61.1,120.1,125.0,57.9,12.4,0.9,1.96,30.1,,"333,264","3,818",13.8,60.7,119.7,126.5,57.8,12.4,0.9,1.96,30.2,,"336,611","3,472",11.6,55.3,113.7,120.1,57.1,12.2,1.2,1.86,30.3,,"339,442","3,661",10.6,56.0,114.4,122.3,59.3,12.8,1.3,1.88,30.4,,"341,741","4,258",10.0,54.9,117.6,127.5,63.5,13.3,1.4,1.94,30.6,,"344,016","3,821",10.3,56.1,118.8,131.0,66.2,13.8,1.2,1.99,30.7
115,Sydney - Baulkham Hills and Hawkesbury,"221,249","2,250",2.9,22.0,93.3,152.2,72.3,13.9,0.8,1.79,32.6,,"224,036","2,330",2.6,20.2,89.7,149.4,73.0,14.3,0.9,1.75,32.6,,"227,298","2,062",2.2,18.5,82.0,144.2,71.6,14.3,1.1,1.67,32.7,,"231,186","2,445",2.4,17.8,85.9,141.4,74.2,14.9,1.0,1.69,32.7,,"235,609","2,261",2.3,16.8,85.8,138.7,69.6,14.1,1.3,1.64,32.6,,"241,029","2,273",2.0,17.3,88.3,140.8,69.4,14.5,1.1,1.67,32.6,,"245,445","2,570",1.9,16.8,85.0,144.3,69.0,14.1,1.2,1.66,32.7,,"251,477","2,427",1.5,16.9,82.0,141.7,72.6,14.5,0.9,1.65,32.8
116,Sydney - Blacktown,"320,288","5,504",22.9,75.8,143.0,134.9,65.6,13.7,0.6,2.28,29.7,,"327,424","5,611",21.8,70.4,138.8,133.8,67.7,15.2,0.7,2.24,30.0,,"334,517","5,122",19.0,66.4,130.9,129.1,66.2,14.4,0.8,2.13,30.2,,"342,178","5,643",17.4,62.9,129.2,130.0,65.6,14.4,0.9,2.10,30.4,,"350,795","5,547",14.9,60.8,123.5,130.0,64.0,13.3,0.8,2.04,30.6,,"360,420","5,518",14.4,60.0,121.6,130.0,65.1,12.9,1.0,2.03,30.7,,"368,877","6,468",13.4,60.6,121.0,133.4,67.8,14.0,1.1,2.06,30.9,,"377,280","5,985",13.1,58.5,119.8,134.3,68.7,14.3,1.1,2.05,31.0
117,Sydney - City and Inner South,"291,397","3,752",7.2,13.1,36.6,81.3,86.0,26.6,1.4,1.26,33.0,,"299,986","3,871",5.3,11.7,35.1,82.2,82.7,26.6,1.4,1.23,33.0,,"310,506","3,527",4.9,10.2,33.0,80.0,79.1,24.9,2.0,1.17,33.0,,"322,842","3,798",4.1,9.0,30.2,79.5,77.3,24.7,2.4,1.14,33.1,,"335,285","3,814",3.7,8.1,27.8,75.5,76.4,23.6,2.7,1.09,33.2,,"349,046","3,667",2.5,7.4,25.8,72.6,78.0,24.0,2.6,1.06,33.3,,"359,069","4,102",2.4,6.4,24.2,70.3,80.3,25.3,2.5,1.06,33.5,,"368,263","3,688",2.0,5.5,21.6,67.7,77.5,25.7,2.8,1.01,33.7
118,Sydney - Eastern Suburbs,"271,192","3,865",3.7,9.2,38.1,113.9,110.2,31.8,3.1,1.55,34.0,,"274,954","3,982",2.5,8.7,36.9,112.6,111.2,30.3,2.9,1.53,34.0,,"278,411","3,488",2.1,8.1,34.0,110.5,109.3,30.1,3.0,1.49,34.1,,"281,419","3,806",1.5,7.4,31.9,109.9,110.7,29.7,2.8,1.47,34.2,,"284,380","3,674",1.5,6.5,29.1,107.0,108.2,29.2,3.2,1.42,34.2,,"289,775","3,556",1.4,6.0,28.1,105.4,109.1,30.7,3.7,1.42,34.3,,"292,796","3,751",1.5,5.4,26.5,102.8,108.3,32.0,4.1,1.40,34.4,,"295,054","3,368",1.2,4.9,24.3,98.0,106.3,32.0,4.4,1.36,34.5
119,Sydney - Inner South West,"560,344","8,776",8.6,54.4,115.6,138.3,77.5,18.6,1.2,2.07,30.8,,"569,885","8,724",7.9,51.4,114.0,138.1,76.4,18.7,1.4,2.04,30.9,,"579,269","8,155",6.9,48.5,110.3,133.3,75.4,18.7,1.3,1.97,31.0,,"588,748","8,624",6.6,45.8,106.0,128.9,76.4,18.0,1.3,1.92,31.0,,"598,303","8,455",6.1,42.9,100.1,125.9,74.4,17.9,1.5,1.84,31.1,,"611,111","8,528",5.6,41.3,95.9,125.0,75.3,18.9,1.8,1.82,31.2,,"619,513","9,079",5.2,39.5,92.3,125.8,75.6,19.8,1.9,1.80,31.4,,"626,859","8,373",4.5,37.4,89.3,120.9,77.0,20.1,1.7,1.75,31.5
120,Sydney - Inner West,"284,311","4,381",3.8,18.4,64.5,130.4,103.2,24.0,1.4,1.73,33.2,,"290,736","4,474",3.2,17.2,63.7,130.8,102.5,25.0,1.6,1.72,33.2,,"297,475","4,045",2.8,15.2,59.7,129.0,100.2,24.7,1.7,1.67,33.2,,"302,256","4,216",2.5,13.6,55.8,126.6,98.2,25.1,1.9,1.62,33.2,,"307,741","3,942",1.8,12.1,51.5,119.2,93.5,23.8,2.2,1.52,33.2,,"314,231","3,985",1.7,11.4,49.2,116.1,92.6,22.9,2.2,1.48,33.2,,"318,888","4,099",1.4,10.3,44.1,112.9,92.3,23.9,2.4,1.44,33.4,,"324,421","3,671",1.3,9.3,39.7,107.2,91.6,24.0,2.3,1.38,33.5
121,Sydney - North Sydney and Hornsby,"399,807","4,897",1.3,9.3,52.2,131.9,99.7,23.8,1.5,1.60,33.8,,"404,908","4,807",1.0,8.9,49.6,130.4,96.9,22.3,1.8,1.55,33.8,,"410,608","4,660",1.0,7.8,49.4,125.8,95.1,21.6,1.8,1.51,33.8,,"417,043","4,842",0.9,7.8,46.1,124.3,92.9,22.2,1.7,1.48,33.8,,"423,586","5,009",0.8,7.3,47.1,122.4,93.0,22.6,2.0,1.48,33.9,,"431,365","4,758",0.7,7.4,44.7,122.2,92.6,22.6,1.7,1.46,33.9,,"436,571","5,072",0.5,6.8,44.8,122.2,94.1,22.1,1.8,1.46,34.0,,"441,358","4,527",0.3,6.0,41.2,116.5,90.7,22.7,1.7,1.40,34.2
122,Sydney - Northern Beaches,"254,115","3,397",3.0,16.4,72.5,152.5,110.3,26.3,1.4,1.91,33.9,,"257,020","3,409",2.6,16.6,70.9,151.4,107.6,25.7,1.8,1.88,33.8,,"259,723","3,148",1.7,15.1,66.7,150.0,107.0,23.9,2.0,1.83,33.8,,"262,593","3,308",1.3,14.8,64.6,147.5,109.3,23.6,2.2,1.82,33.9,,"265,468","3,173",0.9,13.3,62.1,145.1,107.4,23.4,2.2,1.77,33.9,,"268,870","3,049",0.9,14.1,60.1,141.5,106.2,24.5,2.3,1.75,33.9,,"271,027","3,248",0.8,12.5,58.4,141.0,106.1,24.7,2.2,1.73,34.0,,"273,499","2,892",0.7,10.4,55.4,136.1,103.8,24.8,2.3,1.67,34.1
123,Sydney - Outer South West,"247,256","3,611",17.5,75.8,136.7,125.2,59.2,13.0,0.6,2.14,29.3,,"251,649","3,714",16.9,72.4,129.0,123.9,58.4,12.6,0.5,2.07,29.5,,"256,884","3,405",15.4,67.7,121.9,121.3,56.4,11.4,0.5,1.97,29.7,,"262,817","3,919",14.3,64.5,121.9,124.8,57.7,11.9,0.9,1.98,29.9,,"269,434","3,689",12.5,59.2,118.5,124.1,57.4,11.0,1.0,1.92,30.1,,"276,174","3,869",11.6,57.9,123.2,123.7,58.6,12.1,1.1,1.94,30.2,,"283,088","4,719",11.5,59.6,126.7,128.1,62.1,12.2,1.0,2.01,30.3,,"289,282","4,371",11.8,61.3,129.4,129.5,64.9,13.9,1.0,2.06,30.4
124,Sydney - Outer West and Blue Mountains,"300,556","4,162",18.4,66.7,131.2,121.3,61.7,13.5,0.5,2.07,29.5,,"304,119","4,300",18.2,65.9,128.1,121.1,61.4,13.4,0.8,2.04,29.6,,"307,579","3,843",16.6,61.1,121.8,118.0,58.9,12.6,0.7,1.95,29.8,,"311,493","4,310",14.5,61.3,122.9,118.5,57.7,13.0,0.9,1.94,29.8,,"315,265","4,183",13.2,57.9,120.3,117.4,56.0,12.9,0.7,1.89,29.9,,"319,258","4,170",12.4,59.3,118.5,119.1,59.0,13.1,1.0,1.91,30.1,,"323,430","4,715",11.7,58.0,119.5,123.3,60.7,12.9,0.9,1.94,30.2,,"327,457","4,580",11.5,58.7,118.2,125.7,63.0,13.5,0.9,1.96,30.3
125,Sydney - Parramatta,"423,079","7,618",10.5,67.2,124.4,140.7,74.3,17.4,1.4,2.18,30.1,,"434,184","7,820",9.8,68.1,123.5,139.7,72.2,17.5,1.0,2.16,30.2,,"444,838","7,392",9.1,63.3,118.3,137.2,70.4,16.9,1.1,2.08,30.4,,"455,337","7,868",8.8,60.1,115.5,135.3,70.8,16.1,1.0,2.04,30.6,,"466,477","7,641",7.9,54.2,109.6,131.6,71.1,15.6,1.3,1.96,30.9,,"481,486","7,776",7.1,51.5,107.0,128.1,73.3,16.3,1.2,1.92,31.0,,"492,857","8,326",6.2,48.0,105.9,125.7,75.4,16.5,1.4,1.90,31.2,,"503,305","7,692",5.6,46.7,103.3,121.9,74.8,16.4,1.6,1.85,31.3
126,Sydney - Ryde,"174,773","2,102",2.4,10.5,65.2,136.0,88.0,19.5,0.9,1.61,33.0,,"178,245","2,211",1.5,10.7,64.1,134.6,89.6,19.2,0.8,1.60,33.0,,"181,661","2,030",1.3,9.8,61.6,133.0,88.0,18.5,1.3,1.57,33.0,,"185,593","2,113",1.4,10.3,57.0,130.1,85.4,17.8,1.3,1.52,33.0,,"189,648","2,152",1.3,8.3,55.7,125.5,80.0,18.0,1.6,1.45,32.9,,"194,527","2,047",1.1,7.6,53.3,120.2,78.5,18.9,1.6,1.41,33.0,,"199,260","2,235",0.8,6.6,53.5,116.2,77.9,19.8,1.5,1.38,33.1,,"204,909","2,181",0.7,6.7,49.7,110.4,77.6,19.3,1.6,1.33,33.2
127,Sydney - South West,"383,054","5,619",11.5,63.1,125.4,127.5,61.8,13.9,0.8,2.02,29.9,,"390,529","5,825",10.5,59.8,125.9,128.4,64.2,14.7,0.9,2.02,30.1,,"398,887","5,215",9.9,55.6,121.1,124.1,63.1,14.1,0.8,1.94,30.2,,"408,802","5,829",9.1,52.8,117.4,125.6,64.8,13.8,1.0,1.92,30.4,,"420,470","5,780",8.8,49.6,110.6,124.2,63.9,14.3,1.1,1.86,30.6,,"433,039","5,936",8.0,49.6,110.2,125.3,66.6,15.2,1.4,1.88,30.7,,"444,017","6,977",7.8,49.5,111.4,130.5,70.0,16.4,1.5,1.94,30.8,,"454,801","6,484",7.0,49.2,111.1,131.2,72.5,16.7,1.3,1.95,30.9
128,Sydney - Sutherland,"220,612","2,800",3.9,21.8,94.2,160.9,86.8,17.3,0.5,1.93,32.5,,"221,944","2,835",3.5,20.0,94.3,160.0,87.9,16.9,0.8,1.92,32.5,,"223,316","2,607",3.1,19.9,91.7,153.8,86.1,17.7,1.0,1.87,32.5,,"224,618","2,729",2.8,19.4,89.7,153.4,84.8,18.2,1.2,1.85,32.5,,"225,851","2,598",2.4,17.9,85.3,151.9,82.4,17.5,0.9,1.79,32.6,,"227,146","2,495",2.4,17.1,82.3,151.5,82.8,16.4,1.0,1.77,32.6,,"228,519","2,895",2.2,16.4,81.6,155.5,87.0,16.9,1.4,1.80,32.7,,"230,182","2,597",1.7,16.5,78.8,154.7,88.5,17.9,1.5,1.80,32.8
1GSYD,Greater Sydney,"4,677,196","66,474",10.0,41.7,93.0,128.9,81.5,19.0,1.1,1.88,31.6,,"4,757,364","67,869",9.3,39.8,91.2,128.4,80.9,19.0,1.2,1.85,31.7,,"4,841,349","62,084",8.3,37.0,86.9,125.0,79.0,18.5,1.3,1.78,31.7,,"4,930,189","67,268",7.6,35.4,84.3,123.9,78.9,18.4,1.4,1.75,31.8,,"5,024,923","65,390",6.7,32.6,80.3,120.9,77.1,18.0,1.6,1.69,31.9,,"5,136,919","65,288",6.2,31.9,78.5,119.7,77.9,18.5,1.6,1.67,32.0,,"5,225,098","72,514",5.8,30.7,77.3,120.2,79.4,19.0,1.7,1.67,32.1,,"5,312,163","66,657",5.4,29.9,74.9,117.5,79.4,19.3,1.7,1.64,32.1
101,Capital Region,"217,346","2,374",20.2,84.2,127.5,128.4,61.1,12.5,0.6,2.17,29.9,,"218,808","2,417",17.8,81.7,125.1,124.1,61.9,12.1,0.6,2.12,30.0,,"220,386","2,147",17.0,73.8,121.3,118.4,58.3,12.5,0.6,2.01,29.9,,"221,959","2,391",15.1,70.6,123.2,119.0,57.6,12.3,0.8,1.99,29.9,,"223,815","2,187",13.8,65.5,118.3,115.6,53.7,12.0,1.1,1.90,30.0,,"225,797","2,450",12.8,68.6,120.6,122.8,56.7,11.1,1.1,1.97,30.1,,"227,735","2,625",12.4,69.1,123.9,125.7,61.0,11.0,1.1,2.02,30.2,,"229,910","2,493",12.7,70.7,128.8,131.5,64.7,10.9,0.9,2.10,30.3
103,Central West,"204,740","2,728",28.0,97.8,145.1,128.7,54.3,10.8,0.6,2.33,28.5,,"206,239","2,713",27.4,98.0,146.5,127.0,55.5,10.2,0.5,2.33,28.5,,"207,726","2,459",25.6,93.0,142.8,119.9,57.3,10.0,0.5,2.24,28.6,,"208,900","2,740",25.0,87.9,145.5,120.3,56.5,10.3,0.3,2.23,28.7,,"210,159","2,464",22.9,82.2,139.3,117.4,55.4,9.8,0.4,2.14,28.8,,"211,356","2,472",21.1,82.5,135.8,121.4,53.4,9.6,0.4,2.12,28.9,,"212,412","2,808",19.0,84.8,132.1,123.1,54.8,10.0,0.4,2.12,29.1,,"213,384","2,528",18.0,85.9,133.1,124.3,54.0,10.3,0.6,2.13,29.1
104,Coffs Harbour - Grafton,"135,825","1,413",25.2,97.4,139.5,120.7,56.5,11.6,0.4,2.26,28.8,,"136,669","1,489",21.7,88.3,141.7,117.4,58.9,11.1,0.8,2.20,29.0,,"137,446","1,331",19.6,85.0,135.4,111.9,54.3,10.1,0.8,2.09,28.9,,"138,225","1,397",19.9,84.1,134.6,110.7,51.4,10.2,0.5,2.06,28.9,,"139,246","1,374",19.4,86.8,122.9,109.3,46.0,10.5,0.5,1.98,28.9,,"140,150","1,420",18.3,84.6,121.4,116.0,49.3,11.1,0.4,2.01,29.2,,"141,082","1,556",15.9,89.2,123.8,123.6,51.9,11.4,0.6,2.08,29.5,,"141,986","1,443",15.5,89.9,128.4,121.8,56.2,11.6,0.6,2.12,29.5
105,Far West and Orana,"117,645","1,679",45.0,124.8,146.9,125.7,55.1,10.0,0.5,2.54,27.7,,"117,334","1,731",43.8,116.0,146.5,123.4,56.0,9.6,0.6,2.48,27.8,,"117,258","1,491",38.3,105.4,142.3,118.9,54.5,9.4,0.5,2.35,28.0,,"116,966","1,665",40.0,108.5,137.7,113.5,53.5,11.1,0.4,2.32,27.9,,"116,775","1,607",38.0,104.3,129.2,114.2,51.7,10.9,0.2,2.24,28.1,,"116,761","1,621",37.1,111.5,127.3,117.9,53.0,10.8,0.1,2.29,28.2,,"117,180","1,825",33.6,115.2,132.3,124.6,55.6,10.4,0.3,2.36,28.4,,"116,962","1,656",31.6,122.0,134.1,125.7,56.3,9.6,1.0,2.40,28.5
106,Hunter Valley exc Newcastle,"255,815","3,445",25.2,93.2,144.8,125.8,53.2,10.4,0.9,2.27,28.7,,"259,522","3,426",24.2,90.3,144.2,123.8,53.1,9.9,0.7,2.23,28.8,,"262,919","3,047",21.3,83.3,136.0,116.3,51.2,9.9,0.9,2.09,28.9,,"265,899","3,427",19.1,81.4,133.6,115.5,51.5,9.0,0.7,2.05,28.9,,"269,161","3,143",17.9,77.5,126.0,112.5,49.9,8.0,0.8,1.96,29.0,,"272,630","3,134",17.1,76.4,126.2,111.9,50.8,7.7,0.7,1.95,29.1,,"276,807","3,692",16.8,76.4,127.6,112.7,52.9,9.2,0.7,1.98,29.2,,"280,588","3,435",15.2,77.5,130.0,114.4,54.7,10.6,0.6,2.01,29.3
107,Illawarra,"290,838","3,431",14.1,49.6,115.5,130.0,60.3,12.3,0.7,1.91,30.3,,"293,619","3,508",13.9,46.5,116.3,130.9,58.6,11.6,0.9,1.89,30.3,,"296,633","3,039",12.8,43.4,106.8,125.8,57.6,11.0,1.1,1.79,30.5,,"299,624","3,550",11.6,41.6,107.5,127.3,58.1,10.8,1.1,1.79,30.5,,"302,840","3,388",10.4,38.6,101.8,125.9,59.6,11.3,1.0,1.74,30.8,,"306,795","3,331",10.3,38.4,101.7,127.0,63.0,11.3,0.9,1.76,30.8,,"310,880","3,885",9.3,36.3,101.7,130.4,67.0,12.0,0.7,1.79,31.0,,"314,618","3,507",8.3,35.5,100.2,130.2,67.0,12.1,0.7,1.77,31.1
108,Mid North Coast,"209,646","2,068",29.6,123.5,147.0,118.6,51.0,9.9,0.7,2.40,28.2,,"211,147","2,055",27.5,114.4,138.9,116.2,50.4,9.9,0.9,2.29,28.4,,"212,751","1,763",25.1,102.6,129.9,107.7,48.3,9.5,0.4,2.12,28.4,,"214,272","2,066",23.4,97.1,129.4,107.9,48.8,10.0,0.4,2.08,28.6,,"216,100","1,843",21.3,88.7,122.2,104.5,49.3,9.5,0.4,1.98,28.7,,"218,360","1,982",21.8,92.4,124.9,107.7,49.7,9.9,0.4,2.03,28.7,,"220,519","2,151",20.3,91.6,126.8,109.8,53.5,9.1,0.6,2.06,28.9,,"222,700","2,077",19.2,100.3,133.7,113.4,52.2,9.9,0.4,2.15,28.9
109,Murray,"114,406","1,470",19.1,73.8,135.6,132.8,56.8,11.6,0.3,2.15,29.5,,"115,240","1,341",19.9,74.8,131.1,132.0,55.8,12.1,0.3,2.13,29.4,,"116,257","1,306",20.5,76.4,135.0,129.3,56.0,11.3,0.2,2.14,29.3,,"117,061","1,395",18.6,75.0,130.2,125.7,55.3,10.6,0.2,2.08,29.3,,"117,943","1,422",19.2,73.8,128.0,125.1,60.6,10.1,0.7,2.09,29.5,,"118,977","1,447",18.7,71.8,127.7,134.0,62.3,11.9,0.9,2.14,29.8,,"120,037","1,465",17.6,71.4,128.1,138.3,64.6,11.2,1.2,2.16,29.9,,"120,906","1,422",15.8,71.1,128.9,142.2,63.6,11.7,1.0,2.17,29.9
110,New England and North West,"183,215","2,445",31.9,104.4,145.5,121.5,57.2,11.0,0.4,2.36,28.2,,"183,886","2,526",31.8,104.2,144.3,118.7,58.1,11.3,0.5,2.34,28.2,,"184,556","2,159",29.0,100.3,137.5,113.8,54.4,10.2,0.5,2.23,28.2,,"185,063","2,373",28.7,95.9,134.9,113.0,53.9,10.0,0.7,2.19,28.2,,"185,647","2,133",25.6,87.5,126.5,108.3,51.0,9.4,0.5,2.04,28.4,,"186,305","2,233",25.1,88.7,122.3,111.3,52.2,10.1,0.5,2.05,28.5,,"186,661","2,486",24.7,87.5,124.1,114.2,53.1,10.3,0.3,2.07,28.6,,"187,071","2,358",24.9,89.0,129.3,119.6,54.1,9.8,0.3,2.13,28.7
111,Newcastle and Lake Macquarie,"359,560","4,481",16.9,50.3,111.8,130.9,67.5,11.0,1.0,1.95,30.3,,"362,085","4,652",16.5,49.6,113.4,134.1,68.3,11.9,1.2,1.98,30.4,,"364,852","4,051",14.8,45.3,105.4,129.8,66.7,12.4,0.9,1.88,30.6,,"367,105","4,318",12.7,42.8,101.4,130.7,64.7,13.2,0.7,1.83,30.8,,"369,488","4,210",10.5,39.6,95.4,127.2,63.1,12.4,0.9,1.75,30.9,,"372,516","4,090",9.1,38.4,93.4,129.4,62.6,12.3,1.1,1.73,31.1,,"375,540","4,528",8.9,38.0,92.9,130.3,64.3,12.8,1.1,1.74,31.1,,"378,683","4,307",8.7,36.8,91.2,129.8,66.2,13.6,0.9,1.74,31.3
112,Richmond - Tweed,"238,246","2,522",17.8,80.8,136.0,121.4,63.6,13.0,0.5,2.17,29.9,,"240,226","2,683",17.7,77.6,137.1,123.6,61.4,14.5,0.5,2.16,30.0,,"241,985","2,241",15.4,70.7,124.5,119.2,58.2,14.7,0.6,2.02,30.2,,"243,957","2,484",14.8,67.8,118.3,119.4,59.2,16.0,0.6,1.98,30.5,,"246,626","2,354",12.5,62.5,110.1,113.8,60.1,14.0,0.7,1.87,30.7,,"248,630","2,432",12.4,62.5,111.6,113.9,64.8,14.0,1.0,1.90,30.7,,"250,761","2,770",11.2,63.0,115.1,120.7,68.6,13.3,1.2,1.97,30.9,,"252,650","2,572",11.2,62.8,121.4,124.2,69.9,14.1,1.2,2.02,30.9
113,Riverina,"156,315","2,085",20.7,78.1,143.4,130.8,59.6,12.2,0.9,2.23,29.0,,"157,009","2,051",21.6,77.0,138.7,126.9,57.0,11.8,0.9,2.17,28.9,,"157,650","1,887",21.8,73.2,130.0,127.0,56.1,10.9,0.8,2.10,29.0,,"158,423","2,032",20.2,73.4,126.4,126.5,55.0,9.7,0.8,2.06,29.1,,"159,366","1,884",17.5,68.1,119.6,125.2,56.3,9.6,0.6,1.98,29.4,,"160,156","2,022",17.1,70.0,121.6,124.8,56.5,10.8,0.5,2.01,29.3,,"160,914","2,304",17.7,70.7,124.8,130.1,59.2,11.7,0.5,2.07,29.5,,"161,595","2,130",19.0,74.5,129.6,133.1,58.4,12.5,0.5,2.14,29.4
114,Southern Highlands and Shoalhaven,"143,451","1,442",20.1,92.7,143.5,123.1,60.5,11.2,0.4,2.26,29.2,,"144,884","1,426",17.4,91.6,136.3,122.5,58.4,12.1,0.6,2.19,29.3,,"146,585","1,231",15.7,82.6,126.7,116.4,56.1,10.9,0.6,2.04,29.4,,"148,525","1,372",15.7,78.9,121.8,113.2,52.0,11.8,0.7,1.97,29.4,,"150,769","1,337",15.0,72.1,118.0,107.6,51.5,11.5,0.6,1.88,29.4,,"152,584","1,373",14.8,71.9,120.4,112.9,49.6,12.2,0.6,1.91,29.5,,"154,542","1,661",12.6,72.0,128.2,120.1,55.9,13.2,0.5,2.01,29.7,,"156,601","1,565",12.3,72.8,132.9,126.4,58.0,13.6,0.9,2.09,29.9
1RNSW,Rest of NSW,"2,627,048","31,583",22.9,81.0,133.2,126.6,59.1,11.4,0.6,2.17,29.2,,"2,646,668","32,018",22.0,78.4,132.2,125.9,58.8,11.5,0.7,2.15,29.3,,"2,667,004","28,152",20.1,73.0,125.0,120.7,57.0,11.2,0.7,2.04,29.4,,"2,685,979","31,210",19.0,70.6,123.0,120.3,56.3,11.4,0.6,2.01,29.5,,"2,707,935","29,346",17.2,66.2,116.4,117.4,55.5,10.9,0.7,1.92,29.6,,"2,731,017","30,007",16.6,66.4,116.1,120.2,56.8,11.0,0.7,1.94,29.8,,"2,755,070","33,756",15.6,66.2,117.6,123.6,59.7,11.3,0.8,1.97,29.9,,"2,777,654","31,493",15.0,67.1,119.8,125.7,60.8,11.8,0.7,2.00,30.0
1,Total New South Wales,"7,304,244","98,508",14.9,54.1,104.4,128.8,74.8,16.5,1.0,1.97,30.9,,"7,404,032","100,462",14.1,52.1,102.9,128.3,74.4,16.6,1.1,1.95,31.0,,"7,508,353","91,074",12.8,48.5,97.9,124.5,72.7,16.1,1.1,1.87,31.1,,"7,616,168","100,079",12.0,46.9,95.9,124.0,72.7,16.2,1.2,1.84,31.2,,"7,732,858","96,083",10.9,43.7,91.4,121.2,71.5,15.9,1.3,1.78,31.3,,"7,861,674","96,591",10.3,43.2,90.0,121.2,72.6,16.3,1.3,1.77,31.3,,"7,987,264","107,343",9.6,42.0,89.2,122.3,74.4,16.7,1.4,1.78,31.5,,"8,089,526","98,906",9.1,41.3,87.7,120.8,74.7,17.1,1.4,1.76,31.5
2,VICTORIA,,,,,,,,,,,,,,,,,,,,,,,,,,,,,,,,,,,,,,,,,,,,,,,,,,,,,,,,,,,,,,,,,,,,,,,,,,,,,,,,,,,,,,,,,,,,,,,
206,Melbourne - Inner,"549,795","7,038",3.7,9.8,28.7,85.1,89.4,25.7,1.9,1.22,33.5,,"571,493","6,638",3.2,9.5,27.2,82.1,87.5,26.0,2.0,1.19,33.6,,"592,422","6,686",2.9,8.4,26.2,79.8,86.1,25.4,2.2,1.15,33.6,,"611,882","6,727",2.2,7.4,23.9,76.6,83.6,23.7,1.9,1.10,33.6,,"633,471","7,509",2.2,6.8,23.3,77.3,85.7,24.3,2.2,1.11,33.7,,"658,882","7,327",1.9,6.3,22.5,76.1,86.3,25.3,2.4,1.10,33.7,,"682,375","6,953",1.9,5.8,21.1,72.7,85.4,26.2,2.8,1.08,33.8,,"701,634","6,731",1.6,5.2,19.0,66.0,79.7,25.4,3.0,1.00,33.9
207,Melbourne - Inner East,"359,544","3,578",1.2,7.8,48.6,133.1,95.5,18.6,1.4,1.53,33.7,,"363,855","3,413",1.1,7.6,49.0,129.6,93.3,18.9,1.3,1.50,33.5,,"368,527","3,419",1.1,7.7,48.0,126.0,91.4,17.5,1.2,1.46,33.4,,"373,470","3,397",0.8,7.1,44.5,122.0,89.5,17.2,1.3,1.41,33.5,,"379,590","3,680",0.8,7.0,46.3,122.8,88.6,16.9,1.6,1.42,33.4,,"386,041","3,504",0.7,6.1,45.2,120.3,88.2,17.7,1.6,1.40,33.4,,"391,246","3,170",0.7,5.7,41.1,116.2,84.8,17.9,1.8,1.34,33.5,,"397,108","3,280",0.6,4.9,35.2,108.6,83.1,18.0,1.7,1.26,33.7
208,Melbourne - Inner South,"400,456","4,769",2.4,13.0,63.1,140.3,98.9,21.6,1.9,1.71,33.7,,"406,078","4,648",1.9,12.1,58.7,138.1,100.8,22.3,1.9,1.68,33.7,,"412,335","4,618",2.1,12.0,57.3,136.9,99.4,22.0,1.7,1.66,33.6,,"418,467","4,510",1.8,11.3,53.6,134.3,97.0,20.9,1.9,1.60,33.6,,"425,967","5,031",1.8,10.2,53.1,137.1,98.9,21.0,1.9,1.62,33.6,,"432,935","4,851",1.4,8.4,51.9,137.1,100.2,22.2,2.0,1.62,33.7,,"439,622","4,440",1.2,7.5,48.7,132.2,100.8,22.6,1.9,1.57,33.8,,"445,903","4,439",0.8,6.9,42.7,125.1,95.7,21.8,2.0,1.48,33.9
209,Melbourne - North East,"466,731","6,846",6.8,31.3,98.7,142.6,81.1,17.7,0.7,1.89,31.8,,"479,318","6,775",6.6,32.0,99.0,142.5,82.1,17.4,0.9,1.90,31.8,,"491,185","6,956",5.7,33.1,98.4,141.5,81.8,17.2,1.2,1.89,31.8,,"503,812","6,699",4.5,32.3,94.4,136.1,78.8,16.5,1.5,1.82,31.8,,"519,100","7,855",4.2,32.2,95.8,139.4,80.5,16.8,1.4,1.85,31.9,,"533,165","7,657",3.8,30.2,94.0,140.0,82.3,17.4,1.6,1.85,32.0,,"545,317","7,276",3.8,28.2,91.2,140.0,84.1,18.5,1.5,1.84,32.2,,"556,655","7,009",3.3,24.7,82.1,132.3,80.9,17.8,1.6,1.71,32.3
210,Melbourne - North West,"338,712","5,158",8.6,53.7,117.7,134.3,73.9,14.1,0.6,2.02,30.8,,"347,133","5,042",8.6,54.7,119.3,135.2,75.1,14.7,0.9,2.04,30.8,,"357,156","5,224",8.6,54.6,117.0,135.4,77.9,14.2,0.9,2.04,30.9,,"367,808","5,110",7.5,51.4,110.7,132.2,75.9,14.2,1.1,1.97,31.0,,"381,178","5,987",6.6,50.8,110.1,135.8,79.0,16.4,1.3,2.00,31.2,,"393,316","6,133",6.0,49.1,111.6,138.2,80.2,17.9,1.3,2.02,31.3,,"406,246","6,107",5.7,47.5,113.1,141.1,81.4,19.5,1.4,2.05,31.4,,"419,348","6,092",5.4,43.4,109.5,138.7,77.7,18.4,1.4,1.97,31.6
211,Melbourne - Outer East,"499,371","6,225",5.0,29.8,97.3,147.0,74.3,15.1,0.8,1.85,32.0,,"503,724","5,932",5.4,30.6,94.5,145.1,75.4,15.2,0.9,1.84,32.0,,"508,334","5,807",5.0,30.8,93.5,143.7,73.7,14.2,0.9,1.81,31.9,,"513,491","5,871",4.7,27.9,90.6,138.0,73.5,14.0,1.0,1.75,32.0,,"519,929","6,433",4.4,26.2,91.2,141.0,75.7,13.9,1.0,1.77,32.0,,"525,721","6,297",4.0,24.8,90.1,142.9,78.9,14.2,1.2,1.78,32.2,,"530,366","5,962",3.5,22.4,89.3,143.8,77.5,14.4,1.3,1.76,32.2,,"534,485","5,785",2.8,20.6,83.1,137.0,75.1,14.8,1.6,1.68,32.4
212,Melbourne - South East,"703,106","10,722",8.6,45.4,115.1,134.7,69.0,14.4,0.9,1.94,30.7,,"722,578","9,900",8.7,45.1,113.9,132.8,68.4,14.3,1.0,1.92,30.7,,"742,604","10,230",8.7,44.5,112.4,132.4,68.0,14.8,0.9,1.91,30.8,,"765,391","10,250",7.8,41.6,105.0,127.4,65.6,14.5,1.0,1.81,30.9,,"791,564","11,830",7.1,41.7,105.9,132.4,67.9,15.1,1.4,1.86,31.1,,"818,212","11,890",6.5,40.3,105.4,134.5,71.2,15.7,1.7,1.88,31.2,,"842,769","11,277",6.1,38.5,104.0,133.0,71.9,16.8,1.6,1.86,31.3,,"866,324","11,364",5.8,34.5,97.8,127.6,69.5,15.8,1.5,1.76,31.4
213,Melbourne - West,"664,234","11,995",10.8,54.2,117.3,135.3,76.4,17.0,1.2,2.06,31.0,,"687,536","11,563",11.6,54.5,117.2,135.3,76.1,16.2,1.1,2.06,31.0,,"710,786","11,636",11.0,53.0,115.3,136.0,77.0,16.8,1.1,2.05,31.1,,"735,070","11,671",9.4,49.9,108.7,130.9,75.6,16.9,1.1,1.96,31.2,,"762,558","13,213",7.8,49.1,108.9,132.8,77.5,17.4,1.3,1.97,31.4,,"791,104","13,143",7.4,48.5,107.9,133.8,79.0,17.4,1.3,1.98,31.5,,"819,102","12,831",6.8,46.5,107.3,133.8,78.9,17.7,1.5,1.96,31.6,,"846,457","12,867",6.5,42.8,101.5,128.7,76.6,17.7,1.5,1.88,31.7
214,Mornington Peninsula,"283,894","3,666",11.9,53.6,116.9,136.7,71.3,13.5,0.7,2.02,31.1,,"288,352","3,390",12.0,53.5,113.6,136.3,71.0,14.1,0.7,2.01,31.1,,"292,681","3,287",11.8,55.5,112.0,133.2,72.1,13.8,0.7,1.99,31.0,,"296,621","3,283",10.7,51.1,107.0,127.3,69.2,13.1,0.9,1.90,31.0,,"301,030","3,610",9.6,49.3,108.1,128.9,72.4,13.4,1.0,1.91,31.2,,"304,552","3,741",7.9,46.0,109.4,138.8,75.3,15.5,0.9,1.97,31.4,,"307,670","3,342",7.0,43.0,106.6,141.2,76.3,16.5,1.0,1.96,31.7,,"310,279","3,197",5.8,37.9,100.8,139.1,72.3,16.1,0.9,1.86,31.8
2GMEL,Greater Melbourne,"4,265,843","59,997",6.9,31.9,84.0,127.5,80.5,17.6,1.1,1.75,31.9,,"4,370,067","57,301",6.9,31.8,82.8,126.0,80.4,17.7,1.2,1.73,31.9,,"4,476,030","57,863",6.6,31.5,81.4,124.8,80.0,17.5,1.2,1.71,31.9,,"4,586,012","57,518",5.8,29.3,76.7,120.4,77.9,17.0,1.3,1.64,32.0,,"4,714,387","65,148",5.1,28.6,76.8,122.9,79.8,17.4,1.5,1.66,32.0,,"4,843,928","64,543",4.6,27.2,75.9,123.9,81.6,18.2,1.6,1.66,32.1,,"4,964,713","61,358",4.3,25.6,74.0,122.6,81.5,18.9,1.6,1.64,32.2,,"5,078,193","60,764",3.9,23.1,68.6,116.6,78.1,18.4,1.7,1.55,32.3
201,Ballarat,"150,776","1,881",14.9,59.0,118.0,132.0,63.5,12.1,0.6,2.00,30.2,,"153,017","1,868",16.1,57.7,122.2,132.3,63.9,14.0,0.5,2.03,30.2,,"155,108","1,796",17.3,56.9,118.7,134.2,63.9,14.1,0.5,2.03,30.3,,"157,237","1,780",14.3,54.0,119.3,128.6,61.2,14.7,0.6,1.96,30.3,,"159,994","1,899",13.5,52.5,117.6,127.2,65.0,13.0,0.6,1.95,30.3,,"162,339","1,935",11.8,53.0,119.9,128.9,65.1,13.5,0.7,1.96,30.3,,"164,783","1,786",11.3,52.1,114.2,128.7,65.7,14.1,0.6,1.93,30.5,,"167,552","1,799",9.7,51.7,108.7,124.9,62.4,14.4,0.8,1.86,30.6
202,Bendigo,"145,050","1,779",16.7,58.5,127.5,128.9,64.1,14.1,0.8,2.05,30.0,,"147,563","1,735",16.9,58.8,124.6,130.6,64.6,15.2,0.7,2.06,30.1,,"150,101","1,803",15.5,57.9,122.0,131.6,66.5,14.1,1.0,2.04,30.2,,"152,591","1,599",12.6,54.2,114.0,128.7,64.2,13.2,1.0,1.94,30.4,,"155,536","1,860",11.0,54.9,114.2,129.7,67.0,10.9,0.8,1.94,30.5,,"157,806","1,863",10.4,54.5,112.0,127.1,67.7,11.5,0.8,1.92,30.5,,"160,334","1,791",11.5,54.9,111.6,129.0,69.9,11.9,0.7,1.95,30.6,,"162,918","1,750",11.2,53.0,107.3,124.3,66.3,12.1,0.7,1.87,30.6
203,Geelong,"261,251","3,318",9.9,43.5,106.1,138.6,73.5,14.5,0.6,1.93,31.3,,"266,726","3,322",11.0,45.2,104.2,140.8,75.3,14.5,0.7,1.96,31.3,,"272,154","3,181",11.1,45.7,101.9,139.6,76.8,14.3,0.8,1.95,31.4,,"278,436","3,286",9.8,43.8,100.3,136.4,74.6,13.6,0.7,1.90,31.3,,"286,384","3,556",8.9,40.1,100.5,137.0,75.2,14.2,0.9,1.88,31.4,,"293,975","3,560",7.4,39.1,101.1,140.9,74.9,14.3,0.8,1.89,31.5,,"301,832","3,519",7.3,36.5,97.3,142.3,74.7,15.5,0.9,1.87,31.6,,"310,128","3,454",5.7,34.1,91.7,138.7,72.2,14.3,0.7,1.79,31.7
204,Hume,"163,367","1,974",15.9,71.2,138.0,133.5,58.7,12.9,0.6,2.15,30.0,,"165,487","1,719",15.9,72.6,135.3,131.5,59.3,11.9,0.5,2.14,29.9,,"167,594","1,769",15.7,73.3,131.9,127.8,58.8,11.9,0.5,2.10,29.8,,"169,800","1,769",12.3,68.3,124.9,123.4,56.7,11.5,0.2,1.99,30.0,,"172,575","1,860",11.2,68.8,125.1,125.1,56.7,12.2,0.5,2.00,30.1,,"174,580","1,901",10.3,66.9,124.7,127.3,58.5,13.9,1.0,2.01,30.3,,"176,669","1,831",10.4,65.9,122.5,128.1,58.6,14.8,0.9,2.01,30.4,,"178,686","1,784",10.1,61.6,121.5,124.6,58.3,14.3,0.6,1.95,30.5
205,Latrobe - Gippsland,"263,159","3,211",19.8,79.9,139.1,127.7,54.9,10.8,0.3,2.16,29.1,,"266,024","2,994",20.3,81.5,138.9,124.3,56.9,9.9,0.5,2.16,29.0,,"268,583","3,043",19.5,81.9,137.2,121.8,56.4,10.0,0.5,2.14,29.1,,"271,644","2,867",17.6,77.5,131.4,116.6,54.0,9.3,0.8,2.04,29.1,,"275,780","3,262",15.9,76.6,132.6,122.2,55.1,10.4,0.8,2.07,29.4,,"279,310","3,197",16.3,73.5,134.6,122.2,55.8,11.0,0.9,2.07,29.5,,"283,025","3,093",15.4,74.4,135.8,124.0,56.9,11.7,0.7,2.09,29.6,,"286,952","2,915",14.3,72.6,127.6,117.9,54.5,11.3,0.7,1.99,29.7
215,North West,"150,355","1,964",23.0,94.3,148.6,125.4,56.3,10.1,0.3,2.29,28.8,,"150,981","1,800",24.6,92.6,149.1,128.9,55.6,11.2,0.3,2.31,28.8,,"151,278","1,712",22.8,87.2,145.9,128.9,55.7,10.6,0.7,2.26,28.9,,"151,422","1,736",21.4,78.4,137.1,125.9,53.8,10.4,1.3,2.14,29.1,,"151,907","1,889",19.1,79.7,133.4,128.8,58.3,10.2,1.5,2.16,29.3,,"152,073","1,906",18.8,82.7,135.6,131.6,60.4,11.6,1.4,2.21,29.3,,"152,108","1,845",15.3,87.0,133.5,134.7,64.7,11.8,1.0,2.24,29.5,,"152,106","1,701",14.4,84.7,130.4,128.5,58.3,12.5,1.1,2.15,29.4
216,Shepparton,"128,244","1,681",22.3,89.1,142.5,129.5,59.4,10.7,0.3,2.27,29.1,,"129,328","1,729",21.0,91.5,148.3,132.1,61.6,11.4,0.2,2.33,29.1,,"130,322","1,626",18.9,94.8,141.2,135.0,63.0,11.2,0.5,2.32,29.2,,"131,170","1,520",18.3,90.8,133.5,130.7,60.6,11.3,0.8,2.23,29.3,,"132,118","1,739",17.3,92.6,128.7,130.6,62.1,11.3,0.9,2.22,29.4,,"132,892","1,644",16.1,87.3,132.0,131.5,63.1,10.9,1.1,2.21,29.5,,"133,494","1,649",15.3,91.9,132.2,133.5,66.0,12.0,0.9,2.26,29.5,,"134,144","1,501",13.4,84.0,127.1,126.8,63.7,11.6,0.9,2.14,29.6
217,Warrnambool and South West,"123,046","1,474",16.3,75.7,131.1,140.5,57.1,10.3,0.8,2.16,29.9,,"123,476","1,389",17.5,76.4,131.5,140.4,57.2,10.6,0.7,2.17,29.8,,"123,747","1,267",17.7,69.0,127.5,136.6,61.0,9.3,0.9,2.11,30.0,,"124,010","1,317",15.3,63.6,122.6,133.9,60.9,9.1,0.8,2.03,30.2,,"124,491","1,482",12.7,67.5,121.8,138.8,62.0,11.0,0.7,2.07,30.3,,"124,703","1,281",11.1,68.1,119.0,138.8,65.9,12.1,0.5,2.08,30.5,,"125,061","1,348",9.1,66.9,124.6,138.3,65.7,12.9,1.3,2.09,30.4,,"125,360","1,251",8.5,62.6,119.7,129.5,63.5,12.3,1.3,1.99,30.4
2RVIC,Rest of Vic.,"1,385,248","17,282",16.9,68.1,129.1,132.3,61.9,12.1,0.5,2.10,29.9,,"1,402,602","16,556",17.5,68.9,129.1,132.7,63.0,12.4,0.5,2.12,29.9,,"1,418,887","16,197",16.9,68.1,125.9,131.8,63.9,12.1,0.6,2.10,29.9,,"1,436,310","15,874",14.8,63.9,120.9,127.9,61.8,11.7,0.7,2.01,30.1,,"1,458,785","17,547",13.4,63.3,120.0,129.8,63.5,11.9,0.8,2.01,30.2,,"1,477,678","17,287",12.5,62.0,120.7,131.2,64.5,12.5,0.8,2.02,30.3,,"1,497,306","16,862",11.7,61.8,119.3,132.6,65.7,13.3,0.8,2.03,30.4,,"1,517,846","16,155",10.7,58.9,114.1,127.5,63.0,13.0,0.8,1.94,30.5
2,Total Victoria,"5,651,091","77,405",9.5,39.0,92.2,128.5,76.6,16.4,1.0,1.82,31.5,,"5,772,669","73,969",9.7,39.1,91.2,127.3,76.8,16.6,1.0,1.81,31.5,,"5,894,917","74,224",9.3,38.7,89.4,126.2,76.8,16.3,1.1,1.79,31.5,,"6,022,322","73,568",8.1,36.1,84.6,121.9,74.7,15.8,1.2,1.71,31.6,,"6,173,172","82,892",7.2,35.3,84.5,124.3,76.7,16.2,1.3,1.73,31.7,,"6,321,648","82,094",6.6,33.9,83.9,125.4,78.4,17.0,1.4,1.73,31.8,,"6,459,765","78,488",6.2,32.5,82.1,124.7,78.7,17.8,1.5,1.72,31.9,,"6,594,804","77,220",5.6,29.7,76.6,118.8,75.5,17.3,1.5,1.63,32.0
3,QUEENSLAND  ,,,,,,,,,,,,,,,,,,,,,,,,,,,,,,,,,,,,,,,,,,,,,,,,,,,,,,,,,,,,,,,,,,,,,,,,,,,,,,,,,,,,,,,,,,,,,,,
301,Brisbane - East,"222,061","2,718",13.8,59.2,119.6,132.4,65.6,11.7,0.5,2.01,30.7,,"224,829","2,692",12.7,57.2,118.4,127.8,65.7,11.3,0.5,1.97,30.7,,"227,269","2,603",11.8,56.2,115.6,122.3,64.7,11.2,0.4,1.91,30.7,,"228,928","2,664",10.0,53.7,114.8,124.2,64.3,11.2,0.8,1.90,30.9,,"231,403","2,621",9.4,52.1,111.1,127.0,62.9,12.1,0.9,1.88,31.0,,"234,582","2,619",8.3,48.8,111.0,129.1,64.1,11.7,1.0,1.87,31.2,,"237,618","2,656",7.9,45.7,112.0,128.6,64.6,11.1,0.8,1.85,31.2,,"240,658","2,599",7.8,42.6,112.0,126.2,65.4,10.8,0.8,1.83,31.3
302,Brisbane - North,"202,009","2,907",12.4,43.5,97.8,136.7,76.9,14.6,0.9,1.91,31.4,,"205,817","2,838",12.3,38.7,93.8,136.1,76.8,14.5,0.9,1.87,31.5,,"208,950","2,856",11.1,34.9,90.4,135.9,74.3,15.5,0.7,1.81,31.6,,"211,712","2,863",9.4,33.2,86.5,133.0,74.0,15.7,0.7,1.76,31.7,,"214,765","2,946",8.8,31.9,85.2,130.6,75.6,16.5,0.8,1.75,31.8,,"218,454","2,946",8.1,32.4,82.9,129.3,76.4,15.6,0.8,1.73,31.8,,"222,184","2,960",6.9,32.1,81.7,126.9,76.9,16.6,0.8,1.71,31.9,,"225,885","2,976",6.2,31.9,78.9,124.6,77.2,15.6,1.2,1.68,32.0
303,Brisbane - South,"335,540","4,780",9.1,29.7,85.0,132.0,77.2,16.3,0.9,1.75,31.5,,"341,254","4,902",8.0,27.2,84.0,130.9,76.9,16.3,0.9,1.72,31.6,,"345,959","4,970",6.8,25.2,83.6,131.4,77.2,16.9,0.9,1.71,31.7,,"350,888","4,645",5.8,23.4,79.9,128.6,76.3,17.0,0.9,1.66,31.8,,"356,779","4,958",5.4,22.2,76.3,127.9,76.9,16.6,1.1,1.63,31.9,,"363,783","4,742",6.0,21.8,69.9,125.5,73.6,15.1,1.1,1.57,32.0,,"369,851","4,684",6.0,21.4,65.2,122.3,75.6,14.9,1.0,1.53,32.1,,"375,992","4,748",5.5,20.4,61.1,117.6,73.3,15.1,0.9,1.47,32.2
304,Brisbane - West,"180,896","2,084",4.0,14.2,75.1,142.3,84.9,18.0,0.9,1.70,32.7,,"182,713","2,015",3.6,12.7,73.7,139.0,83.6,17.0,1.1,1.65,32.7,,"184,203","1,933",3.4,12.7,71.6,136.5,82.0,15.5,1.2,1.61,32.7,,"185,392","1,975",3.2,12.9,67.1,135.5,81.8,14.1,1.2,1.58,32.8,,"187,153","2,009",2.3,11.4,66.5,136.1,83.9,14.2,1.4,1.58,32.9,,"189,400","1,782",2.1,10.2,62.4,135.0,80.8,14.9,1.3,1.53,32.9,,"191,302","1,843",1.8,9.0,59.4,131.0,80.3,14.9,1.4,1.49,33.0,,"193,340","1,767",1.9,8.2,52.6,123.7,78.6,15.3,1.2,1.41,33.2
305,Brisbane Inner City,"242,211","2,804",4.8,10.6,34.6,96.7,85.9,21.7,1.3,1.28,33.2,,"247,944","2,844",3.6,9.2,32.4,96.9,85.3,21.3,1.2,1.25,33.2,,"253,322","2,863",3.1,8.2,30.9,99.7,84.5,20.3,1.3,1.24,33.2,,"258,737","2,851",2.8,7.7,30.5,98.5,83.8,19.1,1.3,1.22,33.2,,"264,952","2,849",2.4,7.4,29.5,96.8,82.0,18.5,1.3,1.19,33.2,,"273,624","2,852",2.4,7.6,28.2,91.7,81.7,17.5,1.3,1.15,33.3,,"282,372","2,923",2.5,7.3,27.0,87.4,80.3,17.9,1.4,1.12,33.3,,"291,290","2,875",2.5,6.8,25.7,81.6,80.2,17.6,1.6,1.08,33.5
310,Ipswich,"300,088","5,180",33.5,106.4,143.3,122.2,57.3,13.2,0.7,2.38,28.4,,"309,332","5,059",30.7,102.3,140.8,120.4,58.6,12.5,0.6,2.33,28.5,,"317,670","5,152",28.4,98.2,138.1,120.8,58.8,12.6,0.7,2.29,28.6,,"324,897","5,154",25.7,92.1,134.5,119.0,59.6,12.3,0.8,2.22,28.8,,"333,702","5,102",23.1,89.6,130.3,116.3,60.5,12.5,0.8,2.17,29.0,,"342,444","5,166",21.0,86.0,127.7,113.7,60.1,12.4,0.9,2.11,29.1,,"351,676","5,480",19.4,86.0,125.0,114.3,59.6,13.1,1.3,2.09,29.3,,"362,390","5,507",18.9,85.8,123.8,115.0,59.6,13.2,1.4,2.09,29.4
311,Logan - Beaudesert,"306,907","5,187",34.2,106.4,146.4,121.7,57.9,12.7,0.6,2.40,28.3,,"313,828","5,071",30.8,102.8,142.7,119.1,57.2,12.2,0.7,2.33,28.4,,"318,894","4,925",29.5,96.9,137.1,119.5,54.4,12.4,0.8,2.25,28.5,,"323,295","4,916",25.9,93.5,133.4,114.7,56.1,11.9,0.7,2.18,28.6,,"328,707","4,994",22.9,88.8,130.7,115.7,57.2,12.0,0.7,2.14,28.9,,"335,006","5,107",20.7,90.6,130.4,113.5,58.9,12.8,0.8,2.14,28.9,,"341,282","5,290",21.0,92.0,131.2,115.2,58.4,13.5,0.8,2.16,29.0,,"349,261","5,395",21.7,94.7,132.1,113.4,58.9,13.7,0.8,2.18,28.9
313,Moreton Bay - North,"227,779","2,991",29.6,103.7,137.6,109.2,51.1,11.4,0.6,2.22,28.3,,"232,231","2,982",27.7,101.4,133.5,106.5,50.5,10.8,0.5,2.15,28.3,,"236,121","2,916",26.1,98.4,131.1,107.0,48.6,9.9,0.4,2.11,28.3,,"239,478","2,746",23.4,93.8,126.1,103.9,48.7,9.2,0.6,2.03,28.4,,"243,261","2,885",20.9,91.0,122.8,104.0,47.4,10.5,0.9,1.99,28.6,,"247,397","2,768",19.5,88.0,119.6,101.5,46.9,10.2,1.0,1.93,28.6,,"251,512","2,845",18.3,89.1,122.1,97.4,48.3,10.6,1.1,1.93,28.6,,"256,259","2,874",18.0,84.1,120.4,97.6,49.4,10.2,0.7,1.90,28.7
314,Moreton Bay - South,"178,797","2,710",14.1,68.4,138.7,138.9,63.9,13.0,0.4,2.19,30.5,,"183,996","2,742",14.1,66.1,138.6,136.0,64.6,13.0,0.5,2.16,30.4,,"189,352","2,709",12.3,61.0,131.5,134.6,63.9,13.4,0.5,2.09,30.5,,"195,326","2,679",11.7,61.3,126.0,129.5,62.2,12.4,0.5,2.02,30.5,,"201,950","2,907",10.7,60.3,121.9,130.6,61.1,12.6,0.6,1.99,30.6,,"207,827","2,810",10.3,61.0,121.3,125.4,59.5,11.9,0.6,1.95,30.5,,"213,800","2,897",9.5,59.5,119.0,125.1,60.7,12.6,0.8,1.94,30.6,,"219,109","2,905",8.2,57.4,115.0,121.8,60.1,12.6,1.0,1.88,30.6
3GBRI,Greater Brisbane,"2,196,288","31,361",18.9,55.9,102.0,124.0,68.8,14.7,0.8,1.93,30.4,,"2,241,944","31,145",17.3,53.4,99.8,122.1,68.7,14.3,0.8,1.88,30.5,,"2,281,740","30,927",16.0,50.9,97.2,122.0,67.6,14.2,0.8,1.84,30.6,,"2,318,653","30,493",14.2,48.8,94.1,119.6,67.5,13.7,0.8,1.79,30.7,,"2,362,672","31,271",12.7,47.0,91.5,119.1,67.7,14.0,0.9,1.76,30.9,,"2,412,517","30,792",11.8,46.0,88.9,116.7,67.1,13.6,1.0,1.73,30.9,,"2,461,597","31,578",11.3,45.4,87.2,114.8,67.4,14.0,1.0,1.71,31.0,,"2,514,184","31,646",11.2,44.4,84.8,111.7,67.1,13.9,1.1,1.67,31.0
306,Cairns,"236,699","3,521",35.6,104.5,123.6,119.4,63.2,13.6,0.7,2.30,29.2,,"240,213","3,363",32.0,99.5,117.8,116.9,62.9,13.2,0.6,2.21,29.4,,"242,627","3,390",29.6,93.3,115.2,119.0,61.4,14.0,0.8,2.17,29.6,,"244,399","3,335",29.0,88.3,111.1,119.6,60.5,13.9,0.8,2.12,29.7,,"246,684","3,129",26.3,81.7,109.8,118.1,60.5,14.1,0.9,2.06,29.9,,"249,671","3,393",25.9,83.6,111.4,113.7,61.2,13.1,1.0,2.05,29.7,,"251,948","3,108",22.1,79.7,110.2,109.8,61.2,13.8,0.9,1.99,29.8,,"253,842","3,069",21.0,79.0,111.6,106.2,61.3,13.4,1.1,1.97,29.8
307,Darling Downs - Maranoa,"126,467","1,885",36.8,131.7,161.6,135.0,55.2,11.2,0.8,2.66,28.3,,"127,986","1,755",35.9,130.7,160.0,128.3,53.6,10.4,0.4,2.60,28.2,,"128,542","1,761",32.3,131.1,153.6,126.2,53.4,9.1,0.5,2.53,28.2,,"128,413","1,694",30.1,125.9,146.9,120.7,51.6,9.9,0.6,2.43,28.2,,"128,401","1,650",28.3,116.7,143.5,126.0,49.8,9.8,0.5,2.37,28.5,,"128,783","1,508",27.1,107.6,139.1,122.4,46.4,9.8,0.5,2.26,28.6,,"128,754","1,677",27.6,111.9,140.0,117.7,49.2,9.6,1.8,2.29,28.5,,"128,710","1,655",25.9,120.8,142.8,116.1,48.7,9.8,1.3,2.33,28.4
308,Central Queensland,"221,034","3,415",32.6,105.9,142.8,119.0,54.8,10.3,0.6,2.33,28.3,,"224,898","3,587",29.9,109.0,146.0,122.1,53.9,9.2,0.4,2.35,28.3,,"227,014","3,537",28.7,107.3,149.4,124.7,51.2,9.0,0.5,2.35,28.4,,"227,141","3,402",26.2,105.4,148.5,124.5,51.5,8.9,0.5,2.33,28.5,,"225,548","3,287",24.6,99.4,143.7,121.7,51.2,9.8,0.4,2.25,28.7,,"225,302","3,024",22.9,96.9,133.4,116.6,52.0,9.7,0.3,2.16,28.8,,"225,505","3,050",21.2,95.7,131.7,113.6,49.4,9.7,0.4,2.11,28.9,,"226,811","2,985",19.0,98.4,129.6,109.3,47.8,9.1,0.4,2.07,28.8
309,Gold Coast,"542,072","6,853",13.6,47.6,98.5,122.0,67.3,13.3,0.7,1.81,30.8,,"554,567","6,946",12.5,46.3,96.3,120.1,65.7,13.4,0.7,1.77,30.8,,"564,952","7,074",11.8,46.4,94.9,118.5,66.4,13.6,1.0,1.76,30.9,,"576,016","6,934",10.1,44.5,94.2,118.4,65.4,13.8,1.0,1.74,31.0,,"589,933","7,003",8.8,41.5,93.2,118.7,65.5,13.2,1.2,1.71,31.1,,"606,073","7,069",7.9,39.6,89.7,118.0,64.9,13.2,1.2,1.67,31.2,,"621,798","7,170",7.8,38.3,87.0,115.5,65.5,13.9,1.3,1.65,31.3,,"636,117","7,036",7.3,37.0,83.0,112.2,65.1,14.5,1.2,1.60,31.4
312,Mackay - Isaac - Whitsunday,"174,236","2,734",27.1,89.1,138.0,124.8,50.7,10.2,0.5,2.20,28.7,,"176,275","2,663",27.0,87.3,141.5,124.7,50.9,10.5,0.2,2.21,28.8,,"176,064","2,533",24.2,83.7,140.5,124.6,51.4,9.6,0.3,2.17,28.9,,"174,974","2,410",19.8,80.6,132.6,120.9,52.2,9.2,0.4,2.08,29.1,,"173,299","2,429",17.4,78.7,130.8,116.6,51.5,9.4,0.5,2.02,29.2,,"172,557","2,214",17.9,78.0,124.5,113.7,48.8,8.8,0.6,1.96,29.2,,"172,481","2,313",17.4,80.9,125.8,110.3,48.3,9.1,0.7,1.96,29.2,,"173,006","2,320",16.5,82.5,123.8,109.9,49.3,9.3,0.6,1.96,29.3
315,Queensland - Outback,"86,441","1,599",82.7,140.4,140.5,118.9,63.2,13.0,0.7,2.80,27.1,,"86,207","1,564",75.0,124.7,132.8,115.6,60.8,13.8,0.6,2.62,27.4,,"85,254","1,652",75.6,128.4,136.9,117.8,60.8,15.5,0.8,2.68,27.5,,"84,047","1,595",75.0,133.0,137.7,117.3,59.7,17.1,0.5,2.70,27.4,,"82,571","1,422",69.1,132.0,133.5,119.8,57.6,15.3,0.4,2.64,27.5,,"82,186","1,496",66.0,130.9,127.4,120.3,57.9,13.2,1.2,2.58,27.6,,"82,288","1,350",58.9,128.7,123.0,116.6,53.4,11.9,1.3,2.47,27.7,,"82,534","1,356",57.0,133.2,121.5,109.4,58.2,12.8,1.0,2.47,27.8
316,Sunshine Coast,"326,506","3,470",11.7,59.4,119.6,126.9,63.8,13.0,0.5,1.97,30.8,,"334,329","3,533",11.2,54.6,116.1,123.8,62.9,13.1,0.4,1.91,30.9,,"341,640","3,529",10.1,51.5,112.6,123.7,63.2,12.3,0.4,1.87,30.9,,"348,814","3,435",9.4,49.9,110.1,121.7,60.7,11.9,0.8,1.82,30.9,,"356,763","3,546",7.9,48.5,108.0,121.5,59.2,11.4,1.1,1.79,31.0,,"365,764","3,579",7.7,46.2,104.9,120.8,59.1,12.0,1.1,1.76,31.1,,"375,172","3,627",6.9,44.2,104.3,121.3,61.9,12.0,1.0,1.76,31.2,,"384,281","3,691",6.1,41.2,103.5,121.9,63.8,12.2,0.8,1.75,31.3
317,Toowoomba,"146,634","2,074",26.4,83.7,143.2,123.8,55.7,10.1,0.8,2.22,28.5,,"148,542","2,082",23.8,81.2,137.7,125.9,54.9,10.5,0.7,2.17,28.6,,"150,143","1,980",22.1,76.9,131.0,122.1,53.2,8.7,0.9,2.07,28.7,,"151,495","1,917",19.4,72.4,122.9,122.7,52.9,8.8,0.7,2.00,29.0,,"152,862","2,004",16.2,67.0,124.0,121.4,52.1,8.3,0.7,1.95,29.1,,"154,805","1,980",15.4,63.7,119.9,121.2,53.2,11.2,0.6,1.93,29.4,,"156,706","1,989",13.0,68.1,119.6,117.1,54.0,11.3,0.6,1.92,29.3,,"158,460","2,063",13.3,69.4,114.8,117.3,54.2,11.9,0.6,1.91,29.4
318,Townsville,"228,179","3,444",28.0,76.9,127.1,119.2,57.4,11.4,0.4,2.10,28.8,,"230,806","3,406",28.4,77.0,126.5,116.3,57.4,10.9,0.5,2.09,28.7,,"232,778","3,393",26.4,77.2,125.5,116.3,58.1,10.6,0.5,2.07,28.8,,"233,543","3,350",24.6,77.1,124.0,115.4,56.9,10.7,0.8,2.05,28.9,,"234,310","3,124",20.7,74.4,118.6,115.7,56.4,10.4,0.6,1.98,29.1,,"235,634","3,043",18.6,70.6,114.4,113.4,53.3,10.5,0.6,1.91,29.1,,"236,381","3,015",16.9,66.3,111.4,109.4,52.2,10.7,0.5,1.84,29.2,,"237,100","2,946",16.8,64.2,111.0,104.9,51.5,10.6,0.4,1.80,29.1
319,Wide Bay,"284,131","3,360",37.2,122.9,147.4,111.2,46.0,9.2,0.5,2.37,27.9,,"287,057","3,201",35.1,117.5,142.3,108.0,45.6,9.9,0.5,2.29,27.9,,"288,899","3,158",34.3,113.6,137.2,105.5,46.7,9.5,0.5,2.24,27.9,,"290,197","3,048",31.3,109.2,131.0,103.6,45.9,9.6,0.5,2.16,28.0,,"292,109","2,859",28.4,106.7,125.6,100.0,45.8,8.7,0.4,2.08,28.0,,"294,337","2,972",26.8,108.2,121.7,96.5,44.9,9.8,0.5,2.04,28.0,,"296,794","2,945",23.8,108.2,121.9,97.2,45.3,9.6,0.4,2.03,28.1,,"299,465","2,884",22.7,109.3,122.7,98.6,45.8,10.3,0.7,2.05,28.3
3RQLD,Rest of Qld,"2,372,399","32,355",27.0,83.0,126.2,121.5,59.4,11.8,0.6,2.15,29.2,,"2,410,880","32,100",25.3,80.3,123.9,119.8,58.5,11.8,0.5,2.10,29.2,,"2,437,913","32,007",23.8,78.4,121.9,119.4,58.5,11.6,0.6,2.07,29.3,,"2,459,039","31,120",21.7,75.9,118.7,118.4,57.6,11.6,0.7,2.02,29.4,,"2,482,480","30,453",19.3,72.2,116.0,117.7,57.1,11.3,0.8,1.97,29.6,,"2,515,112","30,278",18.1,69.9,111.7,115.5,56.5,11.5,0.8,1.92,29.7,,"2,547,827","30,244",16.5,68.2,110.0,113.1,56.8,11.8,0.9,1.89,29.8,,"2,580,326","30,005",15.6,67.4,108.1,110.8,57.1,12.0,0.8,1.86,29.9
3,Total Queensland,"4,568,687","63,837",23.1,68.7,113.5,122.9,64.2,13.2,0.7,2.03,29.8,,"4,652,824","63,354",21.5,66.0,111.3,121.1,63.7,13.0,0.6,1.99,29.9,,"4,719,653","63,066",20.1,63.8,109.0,120.9,63.2,12.9,0.7,1.95,30.0,,"4,777,692","61,745",18.1,61.5,105.8,119.2,62.7,12.7,0.8,1.9,30.1,,"4,845,152","61,841",16.1,58.8,103.2,118.6,62.6,12.7,0.9,1.86,30.3,,"4,929,152","61,158",15.0,57.0,99.7,116.3,62.0,12.6,0.9,1.82,30.4,,"5,012,176","61,931",13.9,55.8,97.8,114.1,62.4,12.9,0.9,1.79,30.4,,"5,095,100","61,735",13.4,54.8,95.5,111.4,62.4,13.0,1.0,1.76,30.5
4,SOUTH AUSTRALIA,,,,,,,,,,,,,,,,,,,,,,,,,,,,,,,,,,,,,,,,,,,,,,,,,,,,,,,,,,,,,,,,,,,,,,,,,,,,,,,,,,,,,,,,,,,,,,,
401,Adelaide - Central and Hills,"289,891","2,855",3.6,14.3,69.5,126.0,75.9,16.3,0.9,1.53,32.5,,"291,600","2,912",3.1,14.0,65.3,125.6,77.0,16.9,0.9,1.51,32.6,,"293,615","2,888",3.2,14.0,63.0,127.3,78.5,16.5,1.1,1.52,32.6,,"295,797","2,849",3.1,14.4,59.5,129.4,77.0,16.4,1.1,1.50,32.7,,"297,617","2,829",3.2,13.6,59.1,127.3,76.4,15.5,1.1,1.48,32.7,,"300,017","2,751",2.8,13.0,58.8,122.9,76.3,15.1,1.2,1.45,32.7,,"302,387","2,731",2.1,12.3,56.7,119.6,77.2,15.7,1.2,1.42,32.8,,"305,796","2,780",1.6,11.5,53.6,120.3,75.7,16.8,1.2,1.40,32.9
402,Adelaide - North,"407,919","6,188",22.6,73.7,124.5,122.0,58.4,11.1,0.5,2.06,29.1,,"413,459","6,024",22.2,73.0,125.4,122.2,58.0,11.5,0.5,2.06,29.2,,"419,249","6,171",20.7,71.4,126.2,122.9,60.4,12.0,0.5,2.07,29.3,,"424,444","5,949",18.2,68.1,122.9,119.9,59.8,11.9,0.5,2.01,29.5,,"429,924","6,132",16.0,65.6,119.9,119.9,62.8,11.9,0.7,1.98,29.8,,"434,336","5,881",14.4,62.5,114.8,118.0,61.8,12.2,0.9,1.92,30.0,,"438,504","5,788",12.3,59.9,113.1,116.6,61.4,12.5,1.3,1.89,30.2,,"443,074","6,128",11.4,57.3,113.4,115.6,60.8,13.5,1.3,1.87,30.4
403,Adelaide - South,"353,263","4,232",11.2,40.6,102.3,128.5,68.1,13.1,1.0,1.82,31.0,,"355,728","4,076",10.9,38.9,100.3,125.8,66.8,14.1,0.9,1.79,31.1,,"358,152","4,248",10.2,38.6,101.0,127.3,67.0,13.5,0.8,1.79,31.1,,"360,395","4,097",8.4,38.2,96.6,127.6,66.7,12.9,0.8,1.76,31.2,,"362,685","4,062",7.5,35.5,93.7,129.2,68.5,12.5,1.1,1.74,31.4,,"365,104","3,813",6.5,32.4,88.5,124.4,67.8,12.5,1.2,1.67,31.6,,"367,854","3,849",6.2,29.4,86.1,122.1,66.0,12.9,1.0,1.62,31.7,,"371,051","4,024",5.2,28.8,82.3,121.3,67.3,13.5,1.2,1.60,31.9
404,Adelaide - West,"226,777","2,700",10.8,37.6,90.4,120.7,67.5,16.0,0.8,1.72,31.1,,"228,909","2,726",9.8,34.8,87.9,122.5,70.3,16.0,0.5,1.71,31.3,,"231,063","2,775",8.7,33.0,84.4,124.6,73.6,15.2,0.7,1.70,31.5,,"232,783","2,616",8.2,30.2,80.6,124.3,72.6,14.8,1.1,1.66,31.7,,"233,831","2,656",7.0,28.2,77.2,122.9,72.9,14.1,1.6,1.62,31.8,,"234,981","2,729",6.4,26.5,76.5,121.0,71.5,14.5,1.6,1.59,31.8,,"237,115","2,614",5.3,25.3,74.3,120.9,72.8,14.7,1.5,1.57,31.9,,"239,839","2,653",5.5,23.6,73.3,119.8,70.7,16.1,1.3,1.55,32.0
4GADE,Greater Adelaide,"1,277,850","15,975",13.3,43.8,100.4,124.4,66.6,13.8,0.8,1.82,30.7,,"1,289,696","15,738",12.8,42.6,98.8,124.0,66.8,14.3,0.7,1.80,30.8,,"1,302,079","16,082",11.9,41.8,98.2,125.3,68.6,14.0,0.7,1.80,30.9,,"1,313,419","15,511",10.5,40.4,94.5,124.7,67.8,13.7,0.8,1.76,31.0,,"1,324,057","15,679",9.3,38.4,92.1,124.4,69.1,13.3,1.1,1.74,31.2,,"1,334,438","15,174",8.2,36.1,88.8,121.2,68.3,13.4,1.2,1.69,31.3,,"1,345,860","14,982",7.1,34.1,86.7,119.4,68.0,13.7,1.2,1.65,31.4,,"1,359,760","15,585",6.4,32.5,84.8,118.8,67.5,14.7,1.2,1.63,31.6
405,Barossa - Yorke - Mid North,"109,277","1,245",21.1,93.2,148.6,129.8,51.7,11.7,0.3,2.28,29.2,,"110,323","1,154",20.1,93.1,148.5,131.1,53.4,10.2,0.3,2.28,29.2,,"111,403","1,142",17.7,91.7,142.0,128.6,54.0,10.2,0.5,2.22,29.3,,"112,310","1,084",14.5,78.8,134.0,125.3,57.3,8.5,0.4,2.09,29.7,,"113,147","1,145",11.7,71.5,134.4,126.2,56.6,10.0,0.4,2.05,29.9,,"113,565","1,100",10.1,65.3,135.3,125.0,58.0,10.2,0.5,2.02,30.0,,"114,007","1,052",10.1,64.5,135.3,120.6,58.9,10.4,0.6,2.00,30.1,,"114,501","1,038",10.1,65.0,131.0,114.9,58.0,9.8,0.9,1.95,30.1
406,South Australia - Outback,"86,955","1,212",39.2,108.8,139.0,109.7,48.6,10.8,0.5,2.28,27.8,,"86,911","1,184",37.7,108.9,138.7,110.1,48.2,10.1,0.9,2.27,27.9,,"86,785","1,206",33.9,107.9,137.2,111.1,52.0,8.8,0.6,2.26,28.0,,"86,499","1,120",30.5,106.3,133.6,112.2,49.0,9.1,0.4,2.20,28.2,,"85,754","1,118",29.9,99.4,130.6,113.6,51.9,8.9,0.9,2.17,28.4,,"85,127","1,065",28.3,100.3,125.2,109.9,49.1,8.6,0.9,2.11,28.4,,"84,762","1,139",27.5,109.8,123.3,109.2,54.9,8.6,0.8,2.17,28.5,,"84,407","1,057",23.0,118.2,123.6,108.0,51.6,8.8,0.3,2.17,28.5
407,South Australia - South East,"182,643","1,995",18.9,94.1,139.7,119.5,51.6,8.5,0.4,2.16,29.0,,"184,558","2,007",18.3,95.4,136.7,119.9,51.1,9.3,0.4,2.15,29.0,,"186,678","1,949",19.1,91.7,131.7,119.8,50.2,10.4,0.7,2.12,29.1,,"188,440","1,865",17.8,87.4,128.6,118.0,48.6,9.4,0.7,2.05,29.1,,"189,885","1,823",15.6,80.9,126.7,113.6,47.4,9.0,0.9,1.97,29.2,,"190,793","1,727",12.9,76.5,123.1,109.5,46.5,7.9,0.7,1.89,29.2,,"191,898","1,932",11.6,77.4,122.4,110.6,49.6,8.0,0.8,1.90,29.3,,"193,295","1,800",10.6,73.6,122.8,111.4,50.3,7.4,0.5,1.88,29.4
4RSAU,Rest of SA,"378,875","4,452",24.4,98.1,141.8,119.7,50.8,9.9,0.4,2.23,28.7,,"381,792","4,345",23.4,98.6,140.3,120.3,51.0,9.7,0.4,2.22,28.7,,"384,866","4,297",22.1,96.2,135.9,119.9,51.7,10.0,0.6,2.18,28.8,,"387,249","4,069",19.7,90.3,131.4,118.4,51.1,9.1,0.5,2.10,29.0,,"388,786","4,086",17.6,83.4,129.8,117.0,51.1,9.3,0.7,2.04,29.1,,"389,485","3,892",15.5,79.6,126.8,113.8,50.4,8.7,0.6,1.98,29.2,,"390,667","4,123",14.6,81.6,126.0,112.9,53.5,8.8,0.7,1.99,29.3,,"392,203","3,895",13.1,81.5,125.0,111.5,52.8,8.4,0.6,1.96,29.4
4,Total South Australia,"1,656,725","20,433",15.7,52.7,107.9,123.5,63.4,12.9,0.7,1.88,30.3,,"1,671,488","20,090",15.1,51.7,106.3,123.3,63.6,13.3,0.6,1.87,30.4,,"1,686,945","20,384",14.1,50.7,104.9,124.3,65.2,13.2,0.7,1.87,30.5,,"1,700,668","19,587",12.5,48.7,101.1,123.6,64.5,12.7,0.7,1.82,30.6,,"1,712,843","19,772",11.1,46.0,98.8,123.1,65.6,12.4,1.0,1.79,30.8,,"1,723,671","19,072",9.8,43.4,95.7,119.9,64.9,12.4,1.1,1.74,30.9,,"1,736,389","19,113",8.7,41.8,93.8,118.3,65.3,12.7,1.1,1.71,31.1,,"1,751,693","19,490",7.9,40.4,92.0,117.6,64.8,13.4,1.1,1.69,31.2
5,WESTERN AUSTRALIA,,,,,,,,,,,,,,,,,,,,,,,,,,,,,,,,,,,,,,,,,,,,,,,,,,,,,,,,,,,,,,,,,,,,,,,,,,,,,,,,,,,,,,,,,,,,,,,
502,Mandurah,"91,243","1,150",25.8,99.1,132.9,116.5,53.8,10.7,0.8,2.20,28.5,,"94,544","1,100",23.7,92.6,127.4,113.9,53.3,9.5,0.9,2.11,28.6,,"96,632","1,215",21.0,95.9,128.0,115.1,51.5,8.8,0.5,2.10,28.6,,"98,291","1,141",19.6,87.3,125.1,116.0,50.1,8.6,0.5,2.04,28.8,,"99,663","1,157",19.1,85.0,127.7,115.7,52.8,9.5,0.6,2.05,29.0,,"100,571","1,185",17.6,80.7,128.2,116.8,52.2,10.5,0.6,2.03,29.2,,"102,007","1,145",15.8,78.9,134.8,115.9,52.6,11.8,0.4,2.05,29.3,,"103,467","1,115",14.3,72.8,139.5,118.0,52.7,10.5,0.7,2.04,29.4
503,Perth - Inner,"172,249","1,819",3.9,10.1,38.3,108.6,89.7,22.6,1.7,1.37,33.3,,"175,784","1,730",2.4,8.8,33.8,103.5,93.0,21.4,1.7,1.32,33.5,,"177,355","1,879",2.1,8.4,33.8,102.6,94.3,21.0,1.5,1.32,33.4,,"178,264","1,779",1.8,7.0,32.7,99.8,93.3,20.0,1.1,1.28,33.5,,"178,659","1,779",1.7,6.5,32.6,99.5,92.7,19.8,1.5,1.27,33.5,,"179,755","1,746",1.2,6.2,29.5,97.2,91.4,18.9,1.7,1.23,33.6,,"180,523","1,726",1.2,6.6,27.2,96.3,88.9,20.1,1.7,1.21,33.7,,"182,842","1,714",1.3,6.2,25.3,94.7,87.1,20.1,1.7,1.18,33.8
504,Perth - North East,"240,280","3,292",17.5,59.5,107.0,120.5,62.6,13.7,0.7,1.91,30.3,,"247,401","3,401",16.4,58.1,105.0,120.9,63.7,14.0,0.8,1.89,30.4,,"252,142","3,633",16.3,58.2,103.5,120.8,66.8,13.3,0.8,1.90,30.4,,"255,880","3,534",14.6,56.3,102.1,121.4,68.0,12.6,0.8,1.88,30.5,,"259,516","3,733",12.2,55.0,105.8,121.4,69.7,13.0,1.1,1.89,30.6,,"262,253","3,798",11.6,52.0,106.5,121.7,71.6,13.1,1.0,1.89,30.8,,"265,622","3,517",9.8,49.9,106.7,119.8,70.8,14.0,1.0,1.86,30.9,,"269,883","3,764",10.0,46.9,104.2,121.1,69.8,15.2,0.8,1.84,31.2
505,Perth - North West,"528,029","7,440",11.8,46.9,99.6,136.3,71.0,14.7,0.7,1.91,31.1,,"540,383","7,737",11.3,46.6,97.7,136.4,73.1,14.8,0.7,1.90,31.1,,"546,946","7,702",9.9,45.0,96.3,137.2,75.2,14.4,0.8,1.89,31.2,,"552,646","7,744",8.7,42.8,95.5,135.8,76.6,15.0,0.9,1.88,31.4,,"557,181","7,917",7.5,41.0,94.7,136.1,78.0,15.0,1.0,1.87,31.5,,"560,831","7,484",7.2,40.1,94.1,133.3,76.2,15.3,1.0,1.84,31.6,,"565,523","7,416",6.2,38.3,93.9,131.8,74.7,15.0,1.2,1.81,31.7,,"570,930","7,452",5.3,36.0,92.3,130.0,73.8,14.9,1.3,1.77,31.8
506,Perth - South East,"473,535","6,879",18.3,50.5,103.3,118.8,65.8,12.9,0.8,1.85,30.0,,"486,207","7,163",17.0,50.9,103.3,122.7,65.9,13.7,0.9,1.87,30.1,,"493,728","7,381",15.8,49.9,102.7,124.1,68.2,14.5,0.9,1.88,30.3,,"500,726","7,277",13.7,48.9,99.7,125.6,68.2,15.2,1.0,1.86,30.6,,"506,051","7,442",12.8,47.8,98.7,125.8,69.4,15.0,1.1,1.85,30.8,,"510,653","7,244",11.7,46.5,97.1,123.5,69.6,14.7,1.1,1.82,30.9,,"514,936","7,026",10.6,44.8,96.2,120.2,70.0,14.9,1.1,1.79,31.1,,"521,865","7,029",8.7,42.8,94.4,116.9,69.4,15.5,1.3,1.75,31.2
507,Perth - South West,"387,526","5,341",15.6,53.3,108.4,130.8,66.0,13.6,0.7,1.94,30.6,,"399,536","5,565",15.1,52.0,103.9,131.6,67.0,14.8,0.9,1.93,30.7,,"407,120","5,601",12.8,50.1,100.6,131.6,70.1,15.2,0.9,1.91,30.9,,"413,130","5,668",11.1,49.4,100.6,128.7,71.2,14.6,1.0,1.88,31.0,,"418,193","5,800",10.0,48.1,99.8,127.7,74.1,14.2,1.0,1.87,31.1,,"423,839","5,794",9.7,47.7,100.0,126.9,74.5,14.9,1.2,1.87,31.2,,"429,957","5,572",8.9,45.6,99.0,125.7,73.1,15.8,1.2,1.85,31.4,,"436,986","5,580",7.9,42.9,97.6,123.2,72.5,15.8,1.1,1.80,31.5
5GPER,Greater Perth,"1,892,862","25,921",14.9,48.3,97.0,125.2,68.5,14.4,0.8,1.85,30.7,,"1,943,855","26,696",14.0,47.7,94.8,125.8,69.7,14.8,0.9,1.84,30.8,,"1,973,923","27,411",12.7,46.9,93.6,126.3,72.0,14.8,0.9,1.84,30.9,,"1,998,937","27,143",11.2,45.3,92.3,125.6,72.6,14.8,0.9,1.81,31.0,,"2,019,263","27,828",10.0,44.0,92.3,125.5,74.2,14.7,1.0,1.81,31.2,,"2,037,902","27,251",9.4,42.8,91.6,123.8,73.9,14.9,1.1,1.79,31.3,,"2,058,568","26,402",8.4,41.2,91.0,122.0,73.0,15.3,1.1,1.76,31.4,,"2,085,973","26,654",7.4,38.9,89.4,120.2,72.2,15.5,1.2,1.72,31.6
501,Bunbury,"168,774","2,216",19.2,91.5,139.0,117.2,56.5,11.0,0.4,2.17,29.4,,"173,435","2,207",19.3,87.7,131.4,115.5,55.9,11.0,0.4,2.11,29.5,,"176,511","2,272",19.1,87.1,131.4,116.1,55.2,10.9,0.4,2.10,29.5,,"178,703","2,285",17.2,84.8,128.8,120.2,56.1,10.2,0.5,2.09,29.8,,"179,738","2,228",15.7,84.4,127.0,122.7,59.1,10.0,0.4,2.10,30.0,,"181,052","2,049",14.3,79.4,124.0,122.7,58.3,9.8,0.3,2.04,30.2,,"182,545","2,035",11.9,74.7,122.0,120.3,59.3,9.9,0.3,1.99,30.5,,"184,003","2,006",10.6,71.7,123.2,116.8,57.8,9.7,0.4,1.95,30.5
509,Western Australia - Wheat Belt,"135,913","1,711",28.6,104.2,152.9,133.2,54.1,11.8,0.4,2.43,29.2,,"137,922","1,725",29.9,103.4,146.2,131.3,55.0,11.8,0.1,2.39,29.2,,"138,566","1,716",27.7,105.3,139.5,129.7,55.8,12.1,0.3,2.35,29.3,,"138,424","1,637",25.3,106.3,140.7,122.6,56.8,10.8,0.5,2.31,29.1,,"137,524","1,535",22.4,100.9,135.9,123.7,54.7,10.7,0.4,2.24,29.3,,"137,641","1,565",20.1,91.7,137.0,125.4,56.9,9.6,0.3,2.20,29.6,,"137,183","1,341",16.4,83.2,133.4,125.5,53.8,9.1,0.5,2.11,30.0,,"136,928","1,400",14.2,81.6,136.3,123.6,56.0,8.1,0.6,2.10,30.1
510,Western Australia - Outback (North),"101,409","1,728",67.4,95.0,104.5,107.5,58.9,12.7,0.4,2.23,28.4,,"103,707","1,699",67.1,96.9,105.3,106.4,57.5,12.4,0.2,2.23,28.5,,"102,015","1,795",64.3,99.8,105.2,106.8,59.3,12.1,0.2,2.24,28.6,,"100,087","1,807",64.5,105.5,107.5,109.1,56.3,12.3,0.2,2.28,28.6,,"97,933","1,642",61.4,105.0,107.8,110.2,57.2,11.3,0.2,2.27,28.9,,"97,506","1,653",59.1,104.9,109.0,107.8,55.9,11.9,0.8,2.25,29.0,,"97,647","1,629",56.7,105.6,106.8,106.2,58.3,10.7,0.9,2.23,29.4,,"97,963","1,600",55.0,115.5,108.7,104.3,59.1,12.4,1.1,2.28,29.6
511,Western Australia - Outback (South),"126,549","1,959",42.3,105.8,136.3,117.2,53.5,10.6,0.7,2.33,28.3,,"128,025","1,893",40.1,105.5,132.0,114.8,50.4,10.9,0.7,2.27,28.3,,"126,593","1,881",36.6,105.7,129.9,114.3,49.1,11.2,0.5,2.24,28.4,,"124,521","1,876",36.5,104.1,130.1,114.0,49.8,9.6,0.7,2.22,28.5,,"121,520","1,848",34.2,99.4,133.0,118.3,53.8,10.1,0.6,2.25,28.8,,"120,092","1,665",32.1,97.2,133.5,114.8,56.0,10.0,0.6,2.22,28.9,,"118,238","1,552",27.2,98.1,130.2,109.8,54.6,11.3,0.3,2.16,29.0,,"116,642","1,615",25.9,99.1,130.0,108.0,53.0,11.2,0.5,2.14,29.1
5RWAU,Rest of WA,"532,645","7,614",35.2,98.7,131.7,118.3,55.7,11.4,0.5,2.26,28.9,,"543,089","7,524",34.8,97.7,127.5,116.5,54.7,11.4,0.4,2.21,28.9,,"543,685","7,664",32.7,98.6,125.6,116.3,54.7,11.5,0.4,2.20,29.0,,"541,735","7,605",31.3,98.9,125.8,116.5,54.8,10.6,0.5,2.19,29.0,,"536,715","7,253",28.9,96.3,125.2,118.8,56.5,10.4,0.4,2.18,29.3,,"536,291","6,932",26.9,92.0,125.0,117.7,56.9,10.2,0.4,2.15,29.5,,"535,613","6,557",23.3,88.8,122.4,115.4,56.8,10.2,0.5,2.09,29.8,,"535,536","6,621",21.6,89.4,123.8,113.0,56.6,10.2,0.6,2.08,29.9
5,Total West Australia,"2,425,507","33,627",19.1,57.3,104.0,123.9,65.8,13.8,0.8,1.92,30.3,,"2,486,944","34,516",18.5,56.7,101.5,124.2,66.6,14.1,0.8,1.91,30.4,,"2,517,608","35,403",17.2,56.3,100.2,124.7,68.5,14.1,0.8,1.91,30.5,,"2,540,672","35,135",15.9,55.3,99.4,124.4,69.2,13.9,0.8,1.89,30.6,,"2,555,978","35,429",14.5,53.9,99.2,124.8,70.9,13.8,0.9,1.89,30.8,,"2,575,452","34,498",13.5,51.9,98.4,123.3,70.9,13.9,1.0,1.87,31.0,,"2,595,877","33,257",12.0,49.7,97.3,121.3,70.2,14.3,1.0,1.83,31.1,,"2,621,680","33,539",10.9,47.4,96.0,119.4,69.5,14.5,1.1,1.79,31.3
6,TASMANIA,,,,,,,,,,,,,,,,,,,,,,,,,,,,,,,,,,,,,,,,,,,,,,,,,,,,,,,,,,,,,,,,,,,,,,,,,,,,,,,,,,,,,,,,,,,,,,,
601,Hobart,"217,670","2,740",23.8,61.2,110.8,126.3,71.3,13.6,0.7,2.04,30.1,,"219,315","2,753",23.7,60.6,108.7,122.9,71.1,14.3,0.6,2.01,30.1,,"221,365","2,742",21.2,57.7,104.3,122.2,68.2,15.0,0.6,1.94,30.3,,"223,502","2,608",19.1,57.2,100.8,123.0,65.8,14.6,0.8,1.91,30.4,,"225,913","2,768",17.1,56.4,98.9,124.5,67.2,14.0,1.1,1.90,30.6,,"229,260","2,564",15.5,53.3,95.0,120.7,67.1,14.0,1.1,1.83,30.8,,"232,691","2,535",13.7,49.5,92.7,118.2,67.7,14.1,0.9,1.78,30.9,,"236,136","2,717",11.5,44.3,89.6,118.7,66.7,13.5,0.8,1.72,31.1
6GHOB,Greater Hobart,"217,670","2,740",23.8,61.2,110.8,126.3,71.3,13.6,0.7,2.04,30.1,,"219,315","2,753",23.7,60.6,108.7,122.9,71.1,14.3,0.6,2.01,30.1,,"221,365","2,742",21.2,57.7,104.3,122.2,68.2,15.0,0.6,1.94,30.3,,"223,502","2,608",19.1,57.2,100.8,123.0,65.8,14.6,0.8,1.91,30.4,,"225,913","2,768",17.1,56.4,98.9,124.5,67.2,14.0,1.1,1.90,30.6,,"229,260","2,564",15.5,53.3,95.0,120.7,67.1,14.0,1.1,1.83,30.8,,"232,691","2,535",13.7,49.5,92.7,118.2,67.7,14.1,0.9,1.78,30.9,,"236,136","2,717",11.5,44.3,89.6,118.7,66.7,13.5,0.8,1.72,31.1
602,Launceston and North East,"143,221","1,625",21.4,73.4,130.1,118.1,54.6,11.5,0.6,2.05,29.1,,"142,924","1,648",21.2,72.7,127.6,121.7,54.0,11.2,0.5,2.04,29.2,,"142,792","1,563",20.0,71.0,121.5,114.2,53.3,9.5,0.3,1.95,29.2,,"142,701","1,533",17.5,70.4,118.8,115.6,53.2,9.2,0.3,1.93,29.3,,"142,869","1,646",16.7,70.1,117.2,116.2,54.7,9.9,0.5,1.93,29.4,,"143,815","1,493",15.1,67.8,111.3,115.2,57.4,11.1,0.6,1.89,29.7,,"145,056","1,516",13.8,70.0,107.5,114.0,55.8,11.4,0.5,1.87,29.7,,"146,258","1,506",12.0,63.6,107.1,108.9,54.9,11.0,0.4,1.79,29.7
603,South East,"37,504",430,26.1,110.9,141.2,120.2,49.6,12.2,1.7,2.31,29.3,,"37,417",363,27.4,102.7,145.4,116.4,49.4,11.4,1.2,2.27,29.2,,"37,508",378,28.0,100.6,149.9,116.1,48.9,13.3,1.0,2.29,29.2,,"37,545",358,21.3,107.3,138.3,106.1,53.2,11.1,0.7,2.19,29.2,,"37,729",360,16.1,107.8,127.3,112.7,58.3,13.8,0.4,2.18,29.8,,"38,062",371,12.8,98.6,130.9,116.6,57.9,13.9,0.5,2.16,30.0,,"38,610",372,13.9,85.1,136.3,122.2,55.3,16.6,0.4,2.15,30.2,,"39,298",354,14.1,82.6,134.8,118.9,53.4,15.4,0.2,2.10,30.1
604,West and North West,"113,329","1,342",26.3,109.3,137.0,107.5,45.0,9.2,0.4,2.17,28.1,,"112,575","1,269",25.7,105.0,132.7,105.5,45.7,10.4,0.4,2.13,28.2,,"111,956","1,223",24.2,98.3,134.3,102.7,46.1,8.7,0.5,2.07,28.2,,"111,369","1,172",22.1,96.2,127.8,100.5,44.3,8.0,0.3,2.00,28.2,,"111,003","1,175",20.2,94.0,122.5,101.0,46.0,7.0,0.3,1.95,28.3,,"111,273","1,177",18.4,91.4,117.6,105.7,44.9,7.6,0.3,1.93,28.5,,"111,941","1,117",16.6,86.7,115.7,105.6,45.5,7.9,0.3,1.89,28.8,,"112,765","1,158",16.5,85.3,116.8,102.6,42.7,8.7,0.5,1.87,28.7
6RTAS,Rest of Tas.,"294,054","3,397",23.8,90.1,133.9,114.2,50.3,10.7,0.6,2.12,28.7,,"292,916","3,280",23.6,87.3,131.3,114.8,50.3,10.9,0.6,2.09,28.8,,"292,256","3,164",22.5,83.7,129.3,110.0,50.0,9.7,0.5,2.03,28.8,,"291,615","3,063",19.7,83.3,124.2,108.7,49.9,9.0,0.3,1.98,28.9,,"291,601","3,181",18.0,82.3,120.3,110.1,51.9,9.3,0.4,1.96,29.0,,"293,150","3,041",16.1,79.2,115.7,111.8,52.7,10.1,0.5,1.93,29.3,,"295,607","3,005",14.9,77.5,113.6,111.8,51.8,10.8,0.4,1.90,29.4,,"298,321","3,018",14.0,73.1,113.6,107.6,50.1,10.7,0.4,1.85,29.4
6,Total Tasmania,"511,724","6,168",23.9,76.6,123.4,120.1,59.6,11.9,0.6,2.08,29.3,,"512,231","6,049",23.8,74.8,120.9,119.0,59.6,12.4,0.6,2.05,29.4,,"513,621","5,935",22.1,71.7,117.8,116.1,58.2,12.0,0.5,1.99,29.4,,"515,117","5,680",19.6,71.0,113.3,115.8,57.1,11.4,0.5,1.94,29.6,,"517,514","5,968",17.7,70.3,110.4,117.2,58.9,11.4,0.7,1.93,29.8,,"522,152","5,610",15.9,67.1,106.0,116.3,59.4,11.9,0.8,1.89,30.0,,"528,097","5,547",14.5,64.4,104.0,115.1,59.4,12.3,0.6,1.85,30.1,,"534,281","5,741",12.9,59.4,102.5,113.2,58.1,12.0,0.6,1.79,30.2
7,NORTHERN TERRITORY  ,,,,,,,,,,,,,,,,,,,,,,,,,,,,,,,,,,,,,,,,,,,,,,,,,,,,,,,,,,,,,,,,,,,,,,,,,,,,,,,,,,,,,,,,,,,,,,,
701,Darwin,"133,105","2,206",23.3,75.3,102.5,111.5,64.2,15.8,0.8,1.97,29.8,,"138,471","2,350",22.9,75.9,104.9,116.4,65.0,16.8,0.7,2.01,29.9,,"141,169","2,329",22.4,74.4,104.1,117.6,67.7,16.3,0.9,2.02,30.0,,"144,914","2,383",19.5,73.0,102.3,118.1,69.5,16.3,1.0,2.00,30.2,,"147,102","2,325",17.2,71.1,97.1,116.0,69.6,16.8,1.1,1.94,30.5,,"148,919","2,323",15.5,68.9,95.1,115.0,67.5,16.5,1.2,1.90,30.6,,"148,396","2,188",14.5,62.8,91.2,112.2,67.1,15.0,1.4,1.82,30.9,,"147,255","2,141",13.3,62.8,91.6,106.4,65.1,15.4,1.4,1.78,30.9
7GDAR,Greater Darwin,"133,105","2,206",23.3,75.3,102.5,111.5,64.2,15.8,0.8,1.97,29.8,,"138,471","2,350",22.9,75.9,104.9,116.4,65.0,16.8,0.7,2.01,29.9,,"141,169","2,329",22.4,74.4,104.1,117.6,67.7,16.3,0.9,2.02,30.0,,"144,914","2,383",19.5,73.0,102.3,118.1,69.5,16.3,1.0,2.00,30.2,,"147,102","2,325",17.2,71.1,97.1,116.0,69.6,16.8,1.1,1.94,30.5,,"148,919","2,323",15.5,68.9,95.1,115.0,67.5,16.5,1.2,1.90,30.6,,"148,396","2,188",14.5,62.8,91.2,112.2,67.1,15.0,1.4,1.82,30.9,,"147,255","2,141",13.3,62.8,91.6,106.4,65.1,15.4,1.4,1.78,30.9
702,Northern Territory - Outback,"102,810","1,893",77.6,114.6,108.0,100.2,52.6,11.8,0.3,2.33,26.9,,"103,251","1,698",72.9,110.8,104.4,96.2,49.4,12.0,0.4,2.23,27.0,,"101,725","1,694",73.1,108.0,100.0,91.9,45.3,10.5,0.4,2.15,26.9,,"99,778","1,621",66.8,103.6,94.4,88.4,46.1,9.8,0.4,2.05,27.1,,"98,576","1,600",62.8,103.9,95.7,86.4,46.8,8.8,0.5,2.02,27.3,,"98,598","1,558",55.4,100.8,92.1,88.6,50.3,8.7,0.6,1.98,27.7,,"98,662","1,858",57.4,111.6,98.4,90.3,51.2,9.5,0.8,2.10,27.6,,"98,674","1,511",57.1,111.9,91.8,91.5,51.5,10.1,0.7,2.07,27.8
7RNTE,Rest of NT,"102,810","1,893",77.6,114.6,108.0,100.2,52.6,11.8,0.3,2.33,26.9,,"103,251","1,698",72.9,110.8,104.4,96.2,49.4,12.0,0.4,2.23,27.0,,"101,725","1,694",73.1,108.0,100.0,91.9,45.3,10.5,0.4,2.15,26.9,,"99,778","1,621",66.8,103.6,94.4,88.4,46.1,9.8,0.4,2.05,27.1,,"98,576","1,600",62.8,103.9,95.7,86.4,46.8,8.8,0.5,2.02,27.3,,"98,598","1,558",55.4,100.8,92.1,88.6,50.3,8.7,0.6,1.98,27.7,,"98,662","1,858",57.4,111.6,98.4,90.3,51.2,9.5,0.8,2.10,27.6,,"98,674","1,511",57.1,111.9,91.8,91.5,51.5,10.1,0.7,2.07,27.8
7,Total Northern Territory,"235,915","4,104",49.7,93.6,105.1,106.8,59.4,14.2,0.6,2.15,28.5,,"241,722","4,053",46.9,92.2,104.8,108.1,58.6,14.8,0.6,2.13,28.7,,"242,894","4,026",46.3,89.8,102.5,107.1,58.6,14.0,0.7,2.10,28.8,,"244,692","4,004",41.6,86.8,99.1,106.1,60.2,13.7,0.8,2.04,29.0,,"245,678","3,927",38.5,85.6,96.6,104.3,60.7,13.6,0.9,2.00,29.3,,"247,491","3,882",34.0,83.1,94.0,104.8,61.0,13.4,1.0,1.96,29.6,,"247,281","4,050",34.3,84.8,94.5,104.0,61.2,12.9,1.2,1.96,29.7,,"245,869","3,658",33.4,85.0,92.1,100.9,60.0,13.3,1.1,1.93,29.8
8,AUSTRALIAN CAPITAL TERRITORY ,,,,,,,,,,,,,,,,,,,,,,,,,,,,,,,,,,,,,,,,,,,,,,,,,,,,,,,,,,,,,,,,,,,,,,,,,,,,,,,,,,,,,,,,,,,,,,,
801,Australian Capital Territory,"376,539","5,459",8.7,31.3,86.5,131.6,77.3,17.1,0.8,1.77,31.6,,"383,257","5,544",8.4,30.3,86.7,131.1,78.0,17.5,0.8,1.76,31.6,,"388,799","5,550",7.8,29.8,88.5,131.3,77.8,17.4,1.0,1.77,31.6,,"395,813","5,537",6.9,29.2,87.1,129.9,77.1,17.1,1.3,1.74,31.7,,"403,104","5,148",5.8,28.0,82.8,126.0,74.0,16.1,1.5,1.67,31.8,,"412,025","6,202",5.2,27.3,82.2,129.4,78.6,16.3,1.7,1.70,32.0,,"420,379","5,368",4.7,24.7,78.9,125.9,78.0,16.5,1.7,1.65,32.1,,"426,704","5,505",5.4,23.3,78.6,126.6,79.0,17.2,1.5,1.66,32.2
8,Total Australian Capital Territory,"376,539","5,461",8.7,31.3,86.6,131.7,77.3,17.1,0.8,1.77,31.6,,"383,257","5,545",8.4,30.3,86.8,131.2,78.0,17.5,0.8,1.77,31.6,,"388,799","5,552",7.8,29.8,88.5,131.4,77.8,17.4,1.0,1.77,31.6,,"395,813","5,542",6.9,29.2,87.1,130.0,77.2,17.1,1.3,1.74,31.7,,"403,104","5,152",5.8,28.0,82.8,126.1,74.1,16.2,1.5,1.67,31.8,,"411,667","6,207",5.2,27.3,82.4,129.5,78.6,16.3,1.7,1.70,32.0,,"420,902","5,374",4.7,24.7,79.0,126.1,78.1,16.6,1.7,1.65,32.1,,"426,709","5,520",5.5,23.4,78.8,126.8,79.1,17.2,1.5,1.66,32.2
,,,,,,,,,,,,,,,,,,,,,,,,,,,,,,,,,,,,,,,,,,,,,,,,,,,,,,,,,,,,,,,,,,,,,,,,,,,,,,,,,,,,,,,,,,,,,,,,
,AUSTRALIA,"22,733,465","309,582",16.3,53.9,103.3,126.3,71.0,15.2,0.9,1.93,30.7,,"23,128,129","308,065",15.6,52.5,101.6,125.5,70.9,15.3,0.9,1.91,30.8,,"23,475,686","299,697",14.5,50.6,98.8,124.0,70.5,15.0,0.9,1.87,30.8,,"23,815,995","305,377",13.1,48.7,95.8,122.3,70.0,14.8,1.0,1.83,30.9,,"24,190,907","311,104",11.8,46.5,93.4,121.9,70.3,14.8,1.1,1.80,31.1,,"24,597,528","309,142",10.9,45.0,91.7,121.4,71.1,15.1,1.2,1.78,31.2,,"24,992,369","315,147",10.1,43.4,90.2,120.7,71.8,15.6,1.3,1.77,31.3,,"25,364,307","305,832",9.5,41.8,87.4,117.8,70.9,15.7,1.3,1.72,31.4
,,,,,,,,,,,,,,,,,,,,,,,,,,,,,,,,,,,,,,,,,,,,,,,,,,,,,,,,,,,,,,,,,,,,,,,,,,,,,,,,,,,,,,,,,,,,,,,,
0 nil or rounded to zero (including null cells),,,,,,,,,,,,,,,,,,,,,,,,,,,,,,,,,,,,,,,,,,,,,,,,,,,,,,,,,,,,,,,,,,,,,,,,,,,,,,,,,,,,,,,,,,,,,,,,
,,,,,,,,,,,,,,,,,,,,,,,,,,,,,,,,,,,,,,,,,,,,,,,,,,,,,,,,,,,,,,,,,,,,,,,,,,,,,,,,,,,,,,,,,,,,,,,,
"(a) ERP Totals for Australia and for states and territories, are preliminary as published in 'National, state and territory population' (cat. no. 3101.0) for years 2017, 2018 and 2019.",,,,,,,,,,,,,,,,,,,,,,,,,,,,,,,,,,,,,,,,,,,,,,,,,,,,,,,,,,,,,,,,,,,,,,,,,,,,,,,,,,,,,,,,,,,,,,,,
,,,,,,,,,,,,,,,,,,,,,,,,,,,,,,,,,,,,,,,,,,,,,,,,,,,,,,,,,,,,,,,,,,,,,,,,,,,,,,,,,,,,,,,,,,,,,,,,
,,,,,,,,,,,,,,,,,,,,,,,,,,,,,,,,,,,,,,,,,,,,,,,,,,,,,,,,,,,,,,,,,,,,,,,,,,,,,,,,,,,,,,,,,,,,,,,,
© Commonwealth of Australia 2020,,,,,,,,,,,,,,,,,,,,,,,,,,,,,,,,,,,,,,,,,,,,,,,,,,,,,,,,,,,,,,,,,,,,,,,,,,,,,,,,,,,,,,,,,,,,,,,,